UID,BID,BLOCK,PID,TREAT,PLOT,TID,TREE,SP,PROGSP,CCLASS,DBH,HT,HLC,LCR,LCRP,TCLASS,PTPH,BTPH,LDSTATUS
1,1,1,1,C,1,1,184,Fd,FD,C,37.9,26.1,14.4,0.45,5,1,25,2.78,L
2,1,1,1,C,1,2,185,Fd,FD,S,15.2,13,6.7,0.48,5,1,25,2.78,L
3,1,1,1,C,1,3,186,Fd,FD,I,14.9,19.8,13.8,0.30,4,1,25,2.78,L
4,1,1,1,C,1,4,187,Fd,FD,S,13.4,13.2,6.8,0.48,5,2,25,2.78,L
5,1,1,1,C,1,5,188,Fd,FD,C,38,25.6,16.1,0.37,4,1,25,2.78,L
6,1,1,1,C,1,6,189,Fd,FD,C,22,20.5,12.4,0.40,4,2,25,2.78,L
7,1,1,1,C,1,7,190,Fd,FD,I,16.2,16,12.1,0.24,3,1,25,2.78,L
8,1,1,1,C,1,8,191,Fd,FD,-,19.2,8.1,-,0.00,0,4,25,2.78,D
9,1,1,1,C,1,9,192,Fd,FD,I,24,18.7,11.4,0.39,4,1,25,2.78,L
10,1,1,1,C,1,10,193,Fd,FD,I,22,17.5,7,0.60,7,2,25,2.78,L
11,1,1,1,C,1,11,194,Fd,FD,C,33,21.9,12,0.45,5,2,25,2.78,L
12,1,1,1,C,1,12,195,Fd,FD,C,36,21.7,10.3,0.53,6,1,25,2.78,L
13,1,1,1,C,1,13,196,Fd,FD,C,38,23.7,15.5,0.35,4,1,25,2.78,L
14,1,1,1,C,1,14,197,Fd,FD,C,36.8,21.4,15.5,0.28,3,1,25,2.78,L
15,1,1,1,C,1,15,198,Fd,FD,C,45.5,25.4,11.2,0.56,6,1,25,2.78,L
16,1,1,1,C,1,16,199,Fd,FD,S,7.5,9.5,8.6,0.09,1,2,100,11.11,L
17,1,1,1,C,1,17,200,Fd,FD,S,9,9.2,6.9,0.25,3,2,100,11.11,L
18,1,1,1,C,1,18,201,Fd,FD,S,8.5,7.6,5.9,0.22,3,2,100,11.11,L
19,1,1,1,C,1,19,202,Fd,FD,S,11.5,10.9,7.8,0.28,3,2,100,11.11,L
20,1,1,1,C,1,20,1203,Fd,FD,P,4.4,4.4,-,0.40,5,1,2000,222.22,L
21,1,1,2,C,2,21,203,Fd,FD,C,30.8,20.6,11.4,0.45,5,1,25,2.78,L
22,1,1,2,C,2,22,204,Fd,FD,C,47.1,27.3,14.5,0.47,5,1,25,2.78,L
23,1,1,2,C,2,23,205,Fd,FD,I,22.4,20.5,14.9,0.27,3,1,25,2.78,L
24,1,1,2,C,2,24,206,Fd,FD,C,28.5,19.5,13.1,0.33,4,2,25,2.78,L
25,1,1,2,C,2,25,207,Fd,FD,I,19.2,18.5,13.5,0.27,3,2,25,2.78,L
26,1,1,2,C,2,26,208,Fd,FD,C,34.7,24.6,13.4,0.46,5,1,25,2.78,L
27,1,1,2,C,2,27,209,Fd,FD,I,15,19.7,14,0.29,3,2,25,2.78,L
28,1,1,2,C,2,28,210,Fd,FD,I,19.9,19.4,15.1,0.22,3,1,25,2.78,L
29,1,1,2,C,2,29,211,Fd,FD,-,-,7.8,-,0.00,0,3,25,2.78,D
30,1,1,2,C,2,30,212,Fd,FD,C,24.8,22.2,14.1,0.36,4,1,25,2.78,L
31,1,1,2,C,2,31,213,Fd,FD,C,26,23,14.9,0.35,4,1,25,2.78,L
32,1,1,2,C,2,32,214,Fd,FD,I,23.3,19,13.1,0.31,4,1,25,2.78,L
33,1,1,2,C,2,33,215,Fd,FD,C,25.3,22.3,15,0.33,4,1,25,2.78,L
34,1,1,2,C,2,34,216,Fd,FD,C,31.4,24.8,16.6,0.33,4,1,25,2.78,L
35,1,1,2,C,2,35,217,Fd,FD,I,22,21.1,16.6,0.21,3,1,25,2.78,L
36,1,1,2,C,2,36,218,Fd,FD,I,20.4,18.9,12.9,0.32,4,1,25,2.78,L
37,1,1,2,C,2,37,219,Fd,FD,I,14.9,12.6,8.2,0.35,4,2,25,2.78,L
38,1,1,2,C,2,38,220,Fd,FD,S,14.2,7,4.2,0.40,5,2,25,2.78,L
39,1,1,2,C,2,39,221,Fd,FD,C,21.9,19.9,14.1,0.29,3,1,25,2.78,L
40,1,1,2,C,2,40,222,Fd,FD,C,26.8,20.2,14.4,0.29,3,1,25,2.78,L
41,1,1,2,C,2,41,223,Fd,FD,I,16.1,13.6,10.9,0.20,2,1,25,2.78,L
42,1,1,2,C,2,42,224,Fd,FD,S,8,5.6,4.4,0.21,3,2,100,11.11,L
43,1,1,2,C,2,43,225,Fd,FD,S,10.7,9.6,7.6,0.21,3,2,100,11.11,L
44,1,1,2,C,2,44,1226,Fd,FD,P,4.4,4.4,-,0.40,5,1,1600,177.78,L
45,1,1,2,C,2,45,1227,Fd,FD,R,0.5,0.7,-,0.99,9,1,2400,266.67,L
46,1,1,2,C,2,46,1228,Sx,SE,P,4.4,4.4,-,0.40,5,1,200,22.22,L
47,1,1,2,C,2,47,1229,Pl,PL,P,4.4,4.4,-,0.40,5,1,200,22.22,L
48,1,1,3,C,3,48,1,Fd,FD,I,18.1,17.9,10.6,0.41,5,1,25,2.78,L
49,1,1,3,C,3,49,2,Fd,FD,S,13.5,10.9,8.6,0.21,3,2,25,2.78,L
50,1,1,3,C,3,50,3,Fd,FD,I,22.5,19.2,11.4,0.41,5,2,25,2.78,L
51,1,1,3,C,3,51,4,Fd,FD,I,15.8,16.5,9.2,0.44,5,1,25,2.78,L
52,1,1,3,C,3,52,5,Fd,FD,-,13.4,6.8,-,0.00,0,4,25,2.78,D
53,1,1,3,C,3,53,6,Fd,FD,I,12.9,14.1,10.2,0.28,3,1,25,2.78,L
54,1,1,3,C,3,54,7,At,AT,C,22.9,21.6,13.3,0.38,4,1,25,2.78,L
55,1,1,3,C,3,55,8,At,AT,C,16.7,20.7,15.2,0.27,3,1,25,2.78,L
56,1,1,3,C,3,56,9,Fd,FD,I,15.1,15.7,13.4,0.15,2,1,25,2.78,L
57,1,1,3,C,3,57,10,Fd,FD,I,13.6,15.7,10.7,0.32,4,1,25,2.78,L
58,1,1,3,C,3,58,11,Fd,FD,I,18,17.4,11.4,0.34,4,1,25,2.78,L
59,1,1,3,C,3,59,12,Fd,FD,I,13.6,12,7.9,0.34,4,1,25,2.78,L
60,1,1,3,C,3,60,13,Fd,FD,C,33.7,25.6,10.2,0.60,7,1,25,2.78,L
61,1,1,3,C,3,61,14,Fd,FD,-,57,3.2,-,0.00,0,4,25,2.78,D
62,1,1,3,C,3,62,15,Fd,FD,C,29.6,25,14.1,0.44,5,1,25,2.78,L
63,1,1,3,C,3,63,16,Fd,FD,C,32.1,24.2,12.5,0.48,5,1,25,2.78,L
64,1,1,3,C,3,64,17,Fd,FD,I,12.8,12.3,7,0.43,5,1,25,2.78,L
65,1,1,3,C,3,65,18,Fd,FD,I,28.5,14.1,9.7,0.31,4,2,25,2.78,L
66,1,1,3,C,3,66,19,Fd,FD,I,13,11.8,8,0.32,4,1,25,2.78,L
67,1,1,3,C,3,67,20,Fd,FD,C,27.7,22.6,11.1,0.51,6,2,25,2.78,L
68,1,1,3,C,3,68,21,Fd,FD,C,34.5,24.4,13.3,0.45,5,2,25,2.78,L
69,1,1,3,C,3,69,22,At,AT,-,27.3,6.4,-,0.00,0,4,25,2.78,D
70,1,1,3,C,3,70,23,Fd,FD,C,40.3,27.7,15.9,0.43,5,1,25,2.78,L
71,1,1,3,C,3,71,24,At,AT,-,16.1,15.8,-,0.00,0,4,25,2.78,D
72,1,1,3,C,3,72,25,Fd,FD,I,10.5,10.7,9.2,0.14,2,2,100,11.11,L
73,1,1,3,C,3,73,26,Fd,FD,I,8.8,11.5,10.3,0.10,2,1,100,11.11,L
74,1,1,3,C,3,74,27,Fd,FD,I,10,9.3,5.9,0.37,4,2,100,11.11,L
75,1,1,3,C,3,75,28,Fd,FD,I,8.5,11.7,6.1,0.48,5,1,100,11.11,L
76,1,1,3,C,3,76,1029,Fd,FD,P,4.4,4.4,-,0.40,5,1,1200,133.33,L
77,1,1,3,C,3,77,1030,Fd,FD,R,0.5,0.7,-,0.99,9,1,400,44.44,L
78,1,1,4,C,4,78,29,Fd,FD,S,16.1,16,9.7,0.39,4,1,25,2.78,L
79,1,1,4,C,4,79,30,Fd,FD,I,20.3,18.8,14,0.26,3,1,25,2.78,L
80,1,1,4,C,4,80,31,Fd,FD,C,33.1,22.8,15.4,0.32,4,1,25,2.78,L
81,1,1,4,C,4,81,32,Fd,FD,I,14.9,12,6.8,0.43,5,2,25,2.78,L
82,1,1,4,C,4,82,33,Fd,FD,I,17.3,17,13,0.24,3,1,25,2.78,L
83,1,1,4,C,4,83,34,Fd,FD,I,18.8,19.4,15.5,0.20,3,1,25,2.78,L
84,1,1,4,C,4,84,35,Fd,FD,C,23.6,21.5,16.1,0.25,3,1,25,2.78,L
85,1,1,4,C,4,85,36,Fd,FD,I,16.1,20.3,16.5,0.19,2,1,25,2.78,L
86,1,1,4,C,4,86,37,Fd,FD,I,15.4,18.9,16.4,0.13,2,1,25,2.78,L
87,1,1,4,C,4,87,38,Fd,FD,C,32.4,24.3,15.4,0.37,4,1,25,2.78,L
88,1,1,4,C,4,88,39,Fd,FD,S,14,11,8.1,0.26,3,2,25,2.78,L
89,1,1,4,C,4,89,40,Fd,FD,C,23,21.3,13.7,0.36,4,1,25,2.78,L
90,1,1,4,C,4,90,41,Fd,FD,C,32.4,24,13.5,0.44,5,1,25,2.78,L
91,1,1,4,C,4,91,42,Fd,FD,I,15.2,12.8,10.5,0.18,2,2,25,2.78,L
92,1,1,4,C,4,92,43,Fd,FD,I,14.4,13.1,9.2,0.30,3,1,25,2.78,L
93,1,1,4,C,4,93,44,Fd,FD,I,19.9,16.9,10.9,0.36,4,1,25,2.78,L
94,1,1,4,C,4,94,45,Fd,FD,I,15.7,14.3,10,0.30,4,1,25,2.78,L
95,1,1,4,C,4,95,46,Fd,FD,C,27.3,20.7,15.4,0.26,3,1,25,2.78,L
96,1,1,4,C,4,96,47,Fd,FD,C,30.5,22.5,15.7,0.30,4,2,25,2.78,L
97,1,1,4,C,4,97,48,Fd,FD,I,20.9,19.5,14.2,0.27,3,1,25,2.78,L
98,1,1,4,C,4,98,49,Fd,FD,I,24.7,20.5,15.8,0.23,3,1,25,2.78,L
99,1,1,4,C,4,99,50,Fd,FD,C,26.3,21.7,13.7,0.37,4,1,25,2.78,L
100,1,1,4,C,4,100,51,Fd,FD,I,14.9,13.1,10.4,0.21,3,1,25,2.78,L
101,1,1,4,C,4,101,52,Fd,FD,-,58.7,2.9,-,0.00,0,4,25,2.78,D
102,1,1,4,C,4,102,53,Fd,FD,-,43.7,2.3,-,0.00,0,4,25,2.78,D
103,1,1,4,C,4,103,54,Fd,FD,I,16.8,15.9,12.1,0.24,3,2,25,2.78,L
104,1,1,4,C,4,104,55,Fd,FD,I,19.4,18,12.3,0.32,4,1,25,2.78,L
105,1,1,4,C,4,105,56,Fd,FD,I,30.3,19.7,12.5,0.37,4,1,25,2.78,L
106,1,1,4,C,4,106,57,Fd,FD,S,15.4,16.5,13.2,0.20,3,1,25,2.78,L
107,1,1,4,C,4,107,58,Fd,FD,S,13.7,13.6,12.3,0.10,1,2,25,2.78,L
108,1,1,4,C,4,108,59,Fd,FD,D,54.6,26.4,14.9,0.44,5,2,25,2.78,L
109,1,1,4,C,4,109,60,Fd,FD,C,26.6,23.2,14.7,0.37,4,2,25,2.78,L
110,1,1,4,C,4,110,61,Fd,FD,S,9.8,10.7,9.6,0.10,2,2,100,11.11,L
111,1,1,4,C,4,111,62,Fd,FD,S,7.8,6.6,4.7,0.29,3,2,100,11.11,L
112,1,1,4,C,4,112,63,Fd,FD,S,9.9,10.5,9.8,0.07,1,2,100,11.11,L
113,1,1,4,C,4,113,64,Fd,FD,S,7.8,8. 4,7.1,0.15,2,2,100,11.11,L
114,1,1,4,C,4,114,65,Fd,FD,S,7.6,10.1,7.7,0.24,3,2,100,11.11,L
115,1,1,4,C,4,115,66,Fd,FD,S,8.6,7.2,6,0.17,2,2,100,11.11,L
116,1,1,4,C,4,116,67,Fd,FD,S,10.6,11.4,10.1,0.11,2,2,100,11.11,L
117,1,1,4,C,4,117,68,Fd,FD,S,11.4,10.6,7,0.34,4,1,100,11.11,L
118,1,1,4,C,4,118,69,Fd,FD,S,7.7,7.5,5,0.33,4,2,100,11.11,L
119,1,1,4,C,4,119,70,Fd,FD,I,8.1,8,4.7,0.41,5,1,100,11.11,L
120,1,1,4,C,4,120,71,Fd,FD,S,10.4,9.5,7.5,0.21,3,1,100,11.11,L
121,1,1,4,C,4,121,72,Fd,FD,S,9,9.3,7.5,0.19,2,2,100,11.11,L
122,1,1,4,C,4,122,1073,Fd,FD,P,4.4,4.4,-,0.40,5,1,800,88.89,L
123,1,1,5,C,5,123,226,Fd,FD,C,32.5,21.8,16.5,0.24,3,2,25,2.78,L
124,1,1,5,C,5,124,227,Fd,FD,I,30.8,11.9,9.9,0.17,2,2,25,2.78,L
125,1,1,5,C,5,125,228,Fd,FD,C,33.5,24.4,16.8,0.31,4,1,25,2.78,L
126,1,1,5,C,5,126,229,Fd,FD,C,31.5,24.7,17.7,0.28,3,1,25,2.78,L
127,1,1,5,C,5,127,230,Fd,FD,I,18.6,20.6,15.5,0.25,3,1,25,2.78,L
128,1,1,5,C,5,128,231,Fd,FD,I,18.5,18.6,11.7,0.37,4,2,25,2.78,L
129,1,1,5,C,5,129,232,Fd,FD,I,17.7,15.9,12.6,0.21,3,1,25,2.78,L
130,1,1,5,C,5,130,233,Fd,FD,C,45.9,23.1,17.1,0.26,3,2,25,2.78,L
131,1,1,5,C,5,131,234,Fd,FD,S,14.3,12.5,7.8,0.38,4,1,25,2.78,L
132,1,1,5,C,5,132,235,Fd,FD,I,17,17.1,9.5,0.44,5,1,25,2.78,L
133,1,1,5,C,5,133,236,Fd,FD,C,27.6,23,15,0.35,4,2,25,2.78,L
134,1,1,5,C,5,134,237,Fd,FD,C,50.7,21.5,9.1,0.58,6,2,25,2.78,L
135,1,1,5,C,5,135,238,Fd,FD,I,23.8,20.3,13.3,0.34,4,1,25,2.78,L
136,1,1,5,C,5,136,239,Fd,FD,I,22,16,12.8,0.20,3,2,25,2.78,L
137,1,1,5,C,5,137,240,Fd,FD,I,23.3,18,12.5,0.31,4,2,25,2.78,L
138,1,1,5,C,5,138,241,Fd,FD,I,16.8,18.7,14.5,0.22,3,1,25,2.78,L
139,1,1,5,C,5,139,242,Fd,FD,I,22.5,16.7,9.7,0.42,5,1,25,2.78,L
140,1,1,5,C,5,140,243,Fd,FD,C,55,23.2,11.7,0.50,5,2,25,2.78,L
141,1,1,5,C,5,141,244,Fd,FD,S,13.3,11.4,7.1,0.38,4,1,25,2.78,L
142,1,1,5,C,5,142,245,Fd,FD,C,45.9,22.5,11.4,0.49,5,2,25,2.78,L
143,1,1,5,C,5,143,246,Fd,FD,I,26.3,20.7,16.3,0.21,3,1,25,2.78,L
144,1,1,5,C,5,144,247,Fd,FD,C,25.1,18.9,15.5,0.18,2,2,25,2.78,L
145,1,1,5,C,5,145,248,Fd,FD,S,18.6,15.2,8.8,0.42,5,1,25,2.78,L
146,1,1,5,C,5,146,249,Fd,FD,I,30.7,18.1,10.8,0.40,5,1,25,2.78,L
147,1,1,5,C,5,147,250,Fd,FD,C,41.4,18.8,12.2,0.35,4,2,25,2.78,L
148,1,1,5,C,5,148,251,Fd,FD,C,42.5,24.2,17.2,0.29,3,2,25,2.78,L
149,1,1,5,C,5,149,252,Fd,FD,C,38.3,24.2,19.1,0.21,3,1,25,2.78,L
150,1,1,5,C,5,150,253,Fd,FD,I,32.8,21.2,16.3,0.23,3,1,25,2.78,L
151,1,1,5,C,5,151,254,Fd,FD,S,10.3,8.1,5.6,0.31,4,1,100,11.11,L
152,1,1,5,C,5,152,1255,Fd,FD,P,4.4,4.4,-,0.40,5,1,200,22.22,L
153,1,1,6,C,6,153,164,Fd,FD,C,43.5,33.9,25.7,0.24,3,1,25,2.78,L
154,1,1,6,C,6,154,165,Fd,FD,D,66.9,37,28.8,0.22,3,2,25,2.78,L
155,1,1,6,C,6,155,166,Fd,FD,S,13.5,15.2,14.3,0.06,1,2,25,2.78,L
156,1,1,6,C,6,156,167,Fd,FD,I,17.6,17.6,13.1,0.26,3,2,25,2.78,L
157,1,1,6,C,6,157,168,Fd,FD,-,51,2.2,-,0.00,0,4,25,2.78,D
158,1,1,6,C,6,158,169,Fd,FD,C,71.7,32.8,20.6,0.37,4,2,25,2.78,L
159,1,1,6,C,6,159,170,Fd,FD,C,38.8,28.5,20.2,0.29,3,1,25,2.78,L
160,1,1,6,C,6,160,171,Fd,FD,C,33.9,31,18.6,0.40,5,2,25,2.78,L
161,1,1,6,C,6,161,172,Fd,FD,S,13.6,13.5,11.3,0.16,2,2,25,2.78,L
162,1,1,6,C,6,162,173,Fd,FD,S,14,13.4,10.6,0.21,3,2,25,2.78,L
163,1,1,6,C,6,163,174,Fd,FD,S,12.8,11.2,10.2,0.09,1,2,25,2.78,L
164,1,1,6,C,6,164,175,Fd,FD,C,44.6,33.9,23.7,0.30,4,1,25,2.78,L
165,1,1,6,C,6,165,176,Fd,FD,S,18.2,13,10,0.23,3,2,25,2.78,L
166,1,1,6,C,6,166,177,Fd,FD,-,26.5,8.5,-,0.00,0,3,25,2.78,D
167,1,1,6,C,6,167,178,Fd,FD,S,18.7,11,6.5,0.41,5,2,25,2.78,L
168,1,1,6,C,6,168,179,Fd,FD,C,34.2,27.9,18.9,0.32,4,2,25,2.78,L
169,1,1,6,C,6,169,180,Fd,FD,I,21,21.1,17.9,0.15,2,1,25,2.78,L
170,1,1,6,C,6,170,181,Fd,FD,I,25.6,21.1,16.9,0.20,2,2,25,2.78,L
171,1,1,6,C,6,171,182,Fd,FD,S,8.4,8.6,7.1,0.17,2,2,100,11.11,L
172,1,1,6,C,6,172,183,Fd,FD,S,10.8,12,10.2,0.15,2,2,100,11.11,L
173,1,1,6,C,6,173,1184,Sx,SE,P,4.4,4.4,-,0.40,5,1,400,44.44,L
174,1,1,6,C,6,174,1185,Sx,SE,R,0.5,0.7,-,0.99,9,1,200,22.22,L
175,1,1,6,C,6,175,1186,Fd,FD,P,4.4,4.4,-,0.40,5,1,200,22.22,L
176,1,1,6,C,6,176,1187,Fd,FD,R,0.5,0.7,-,0.99,9,1,200,22.22,L
177,1,1,7,C,7,177,73,Fd,FD,-,42.1,17.1,-,0.00,0,4,25,2.78,D
178,1,1,7,C,7,178,74,Fd,FD,C,25.9,24.8,13.9,0.44,5,3,25,2.78,L
179,1,1,7,C,7,179,75,Fd,FD,I,23.8,19.6,12.2,0.38,4,2,25,2.78,L
180,1,1,7,C,7,180,76,Fd,FD,C,39.5,25.4,13.8,0.46,5,1,25,2.78,L
181,1,1,7,C,7,181,77,Fd,FD,C,27.8,27.8,15.4,0.45,5,1,25,2.78,L
182,1,1,7,C,7,182,78,Fd,FD,I,22.8,22.7,15.4,0.32,4,1,25,2.78,L
183,1,1,7,C,7,183,79,Fd,FD,C,47.5,29.6,16.5,0.44,5,1,25,2.78,L
184,1,1,7,C,7,184,80,Fd,FD,I,20.5,18.4,10.2,0.45,5,1,25,2.78,L
185,1,1,7,C,7,185,81,Fd,FD,I,22.1,22.1,13.1,0.41,5,1,25,2.78,L
186,1,1,7,C,7,186,82,Fd,FD,I,25.3,25.5,17.7,0.31,4,2,25,2.78,L
187,1,1,7,C,7,187,83,Fd,FD,I,14.9,17,12.1,0.29,3,1,25,2.78,L
188,1,1,7,C,7,188,84,Fd,FD,D,42,29.6,17.3,0.42,5,1,25,2.78,L
189,1,1,7,C,7,189,85,Fd,FD,I,19.4,21.4,14.1,0.34,4,1,25,2.78,L
190,1,1,7,C,7,190,86,Fd,FD,I,17.8,20.3,13.4,0.34,4,1,25,2.78,L
191,1,1,7,C,7,191,87,Fd,FD,C,26.8,25.2,15.4,0.39,4,1,25,2.78,L
192,1,1,7,C,7,192,88,Fd,FD,D,69.5,32.5,11.6,0.64,7,2,25,2.78,L
193,1,1,7,C,7,193,89,Fd,FD,-,54.4,3.1,-,0.00,0,4,25,2.78,D
194,1,1,7,C,7,194,90,Fd,FD,-,59.5,2.1,-,0.00,0,4,25,2.78,D
195,1,1,7,C,7,195,91,Fd,FD,I,14.3,14.6,7.4,0.49,5,1,25,2.78,L
196,1,1,7,C,7,196,92,Fd,FD,S,12.5,15.6,11.2,0.28,3,2,25,2.78,L
197,1,1,7,C,7,197,93,Fd,FD,I,28.4,17.6,13.7,0.22,3,3,25,2.78,L
198,1,1,7,C,7,198,94,Fd,FD,S,1.4,16.2,11.5,0.29,3,2,25,2.78,L
199,1,1,7,C,7,199,95,Fd,FD,S,9.5,11.2,7.1,0.37,4,1,25,2.78,L
200,1,1,7,C,7,200,96,Fd,FD,S,11.5,13.3,10.4,0.22,3,2,100,11.11,L
201,1,1,7,C,7,201,97,Fd,FD,S,11,10.2,5.6,0.45,5,2,100,11.11,L
202,1,1,7,C,7,202,98,Fd,FD,S,9.2,10.7,8,0.25,3,2,100,11.11,L
203,1,1,7,C,7,203,99,Fd,FD,S,8.6,10.8,6.5,0.40,4,1,100,11.11,L
204,1,1,7,C,7,204,100,Fd,FD,S,9.4,7.8,4.3,0.45,5,2,100,11.11,L
205,1,1,7,C,7,205,1101,Fd,FD,P,4.4,4.4,-,0.40,5,1,800,88.89,L
206,1,1,8,C,8,206,101,Fd,FD,D,75.1,35,22.1,0.37,4,1,25,2.78,L
207,1,1,8,C,8,207,102,Fd,FD,I,14,13.5,9.1,0.33,4,1,25,2.78,L
208,1,1,8,C,8,208,103,Fd,FD,I,16,13.6,9,0.34,4,1,25,2.78,L
209,1,1,8,C,8,209,104,Fd,FD,I,17.8,17.9,12.7,0.29,3,2,25,2.78,L
210,1,1,8,C,8,210,105,Fd,FD,I,15.6,15.5,10.7,0.31,4,1,25,2.78,L
211,1,1,8,C,8,211,106,Fd,FD,I,21.9,20.6,10.9,0.47,5,1,25,2.78,L
212,1,1,8,C,8,212,107,Fd,FD,I,19.3,20.1,12.2,0.39,4,1,25,2.78,L
213,1,1,8,C,8,213,108,Fd,FD,I,17.7,16,13.2,0.18,2,2,25,2.78,L
214,1,1,8,C,8,214,109,Fd,FD,I,13.9,14.6,12.2,0.16,2,2,25,2.78,L
215,1,1,8,C,8,215,110,Fd,FD,-,15.9,4.4,-,0.00,0,4,25,2.78,D
216,1,1,8,C,8,216,111,Fd,FD,-,18,8.7,-,0.00,0,3,25,2.78,D
217,1,1,8,C,8,217,112,Fd,FD,C,30.9,23,14.1,0.39,4,2,25,2.78,L
218,1,1,8,C,8,218,113,Fd,FD,C,25.6,25.6,16.9,0.34,4,1,25,2.78,L
219,1,1,8,C,8,219,114,Fd,FD,I,25.4,20.9,14.5,0.31,4,2,25,2.78,L
220,1,1,8,C,8,220,115,Fd,FD,I,20.8,19.8,16.1,0.19,2,2,25,2.78,L
221,1,1,8,C,8,221,116,Fd,FD,I,25.6,22.1,16.2,0.27,3,1,25,2.78,L
222,1,1,8,C,8,222,117,Fd,FD,C,31,25.5,16,0.37,4,1,25,2.78,L
223,1,1,8,C,8,223,118,Fd,FD,D,71.1,33.2,15.8,0.52,6,2,25,2.78,L
224,1,1,8,C,8,224,119,Fd,FD,S,9.5,12.5,12,0.04,1,1,100,11.11,L
225,1,1,8,C,8,225,120,Fd,FD,I,12.2,14.9,12,0.19,2,1,100,11.11,L
226,1,1,8,C,8,226,121,Fd,FD,S,8.1,8.7,6.7,0.23,3,2,100,11.11,L
227,1,1,8,C,8,227,122,Fd,FD,S,10.1,11.3,5.4,0.52,6,2,100,11.11,L
228,1,1,8,C,8,228,1123,Fd,FD,P,4.4,4.4,-,0.40,5,1,800,88.89,L
229,1,1,8,C,8,229,1124,Fd,FD,R,0.5,0.7,-,0.99,9,1,200,22.22,L
230,1,1,9,C,9,230,123,Fd,FD,C,21.8,17.6,12.5,0.29,3,2,25,2.78,L
231,1,1,9,C,9,231,124,Fd,FD,C,25.6,18.2,12.6,0.31,4,1,25,2.78,L
232,1,1,9,C,9,232,125,Fd,FD,C,24.1,18.8,14.7,0.22,3,1,25,2.78,L
233,1,1,9,C,9,233,126,Fd,FD,C,20,20.1,17.3,0.14,2,1,25,2.78,L
234,1,1,9,C,9,234,127,Fd,FD,C,18.9,18.9,14.5,0.23,3,1,25,2.78,L
235,1,1,9,C,9,235,128,Fd,FD,C,21.4,19.5,14.7,0.25,3,1,25,2.78,L
236,1,1,9,C,9,236,129,Fd,FD,C,23.9,19.9,14.2,0.29,3,2,25,2.78,L
237,1,1,9,C,9,237,130,Fd,FD,C,22.1,19.1,14.7,0.23,3,2,25,2.78,L
238,1,1,9,C,9,238,131,Fd,FD,S,13.8,10.1,7,0.31,4,2,25,2.78,L
239,1,1,9,C,9,239,132,Fd,FD,C,41.9,22.8,13.3,0.42,5,1,25,2.78,L
240,1,1,9,C,9,240,133,Fd,FD,C,21.1,18.1,14.5,0.20,2,1,25,2.78,L
241,1,1,9,C,9,241,134,Fd,FD,C,24.9,18.5,12.2,0.34,4,1,25,2.78,L
242,1,1,9,C,9,242,135,Fd,FD,S,13.1,10.6,8.4,0.21,3,1,25,2.78,L
243,1,1,9,C,9,243,136,Fd,FD,D,42.5,22.4,8.7,0.61,7,1,25,2.78,L
244,1,1,9,C,9,244,137,Fd,FD,I,23.3,17.9,11.9,0.34,4,1,25,2.78,L
245,1,1,9,C,9,245,138,Fd,FD,I,13.3,14.3,10.6,0.26,3,1,25,2.78,L
246,1,1,9,C,9,246,139,Fd,FD,S,13.5,12.1,7.9,0.35,4,2,25,2.78,L
247,1,1,9,C,9,247,140,Fd,FD,C,25.9,19.5,14.3,0.27,3,1,25,2.78,L
248,1,1,9,C,9,248,141,Fd,FD,C,25.4,18.6,13.6,0.27,3,1,25,2.78,L
249,1,1,9,C,9,249,142,Fd,FD,C,23.3,17.8,11.5,0.35,4,1,25,2.78,L
250,1,1,9,C,9,250,143,Fd,FD,I,22.9,16.3,10,0.39,4,1,25,2.78,L
251,1,1,9,C,9,251,144,Fd,FD,C,23.5,17.7,11.7,0.34,4,1,25,2.78,L
252,1,1,9,C,9,252,145,Fd,FD,S,13.6,10.4,7.6,0.27,3,2,25,2.78,L
253,1,1,9,C,9,253,146,Fd,FD,I,17.7,14.1,10.3,0.27,3,2,25,2.78,L
254,1,1,9,C,9,254,147,Fd,FD,I,14.3,15,12.2,0.19,2,1,25,2.78,L
255,1,1,9,C,9,255,148,Fd,FD,I,16.8,13.4,10.8,0.19,2,2,25,2.78,L
256,1,1,9,C,9,256,149,Fd,FD,C,24.5,17.4,11.9,0.32,4,2,25,2.78,L
257,1,1,9,C,9,257,150,Fd,FD,I,19,16.8,12,0.29,3,2,25,2.78,L
258,1,1,9,C,9,258,151,Fd,FD,S,13.6,11.9,10.4,0.13,2,2,25,2.78,L
259,1,1,9,C,9,259,152,Fd,FD,C,17.9,17.8,12.8,0.28,3,2,25,2.78,L
260,1,1,9,C,9,260,153,Fd,FD,C,20.3,17.4,14.3,0.18,2,2,25,2.78,L
261,1,1,9,C,9,261,154,Fd,FD,S,125,10.2,7,0.31,4,1,25,2.78,L
262,1,1,9,C,9,262,155,Fd,FD,-,12.7,10.3,-,0.00,0,3,25,2.78,D
263,1,1,9,C,9,263,156,Fd,FD,I,18.3,15.3,11.7,0.24,3,1,25,2.78,L
264,1,1,9,C,9,264,157,Fd,FD,C,22.2,18.2,13.4,0.26,3,2,25,2.78,L
265,1,1,9,C,9,265,158,Fd,FD,C,22.7,19.6,14.9,0.24,3,2,25,2.78,L
266,1,1,9,C,9,266,159,Fd,FD,C,35.4,17.2,13.3,0.23,3,2,25,2.78,L
267,1,1,9,C,9,267,160,Fd,FD,I,25.1,16.6,13.3,0.20,2,2,25,2.78,L
268,1,1,9,C,9,268,161,Fd,FD,C,24.6,18.6,12.3,0.34,4,1,25,2.78,L
269,1,1,9,C,9,269,162,Fd,FD,S,11.4,10,9.3,0.07,1,2,100,11.11,L
270,1,1,9,C,9,270,163,Fd,FD,S,10,8.6,6.3,0.27,3,2,100,11.11,L
271,1,1,9,C,9,271,1164,Fd,FD,P,4.4,4.4,-,0.40,5,1,400,44.44,L
272,2,1,10,T,4,1,130,Fd,FD,C,64.4,27.6,10,0.64,7,2,25,2.08,L
273,2,1,10,T,4,2,131,Fd,FD,I,13,9.6,5.3,0.45,5,1,25,2.08,L
274,2,1,10,T,4,3,132,Fd,FD,I,13.4,10.2,5.8,0.43,5,1,25,2.08,L
275,2,1,10,T,4,4,133,Fd,FD,C,26,20.4,11.5,0.44,5,1,25,2.08,L
276,2,1,10,T,4,5,134,Fd,FD,C,67.5,27.6,16,0.42,5,1,25,2.08,L
277,2,1,10,T,4,6,135,Fd,FD,C,36.1,22.8,14.7,0.36,4,1,25,2.08,L
278,2,1,10,T,4,7,136,Fd,FD,I,16.4,15.6,10.5,0.33,4,1,25,2.08,L
279,2,1,10,T,4,8,137,Fd,FD,D,64.5,33.1,13.4,0.60,6,2,25,2.08,L
280,2,1,10,T,4,9,138,Fd,FD,I,21.8,18.9,10.2,0.46,5,1,25,2.08,L
281,2,1,10,T,4,10,139,Fd,FD,I,19.1,15.2,9.2,0.39,4,1,25,2.08,L
282,2,1,10,T,4,11,140,Fd,FD,I,20.5,15.1,6.4,0.58,6,1,25,2.08,L
283,2,1,10,T,4,12,141,Fd,FD,S,13.1,10.3,5.1,0.50,6,2,25,2.08,L
284,2,1,10,T,4,13,142,Fd,FD,S,7.7,9.2,5.7,0.38,4,2,100,8.33,L
285,2,1,10,T,4,14,143,Fd,FD,S,7.5,9.1,5.8,0.36,4,2,100,8.33,L
286,2,1,11,T,7,15,59,Fd,FD,C,31,23.1,17.5,0.24,3,1,25,2.08,L
287,2,1,11,T,7,16,60,Fd,FD,C,28,21.6,18,0.17,2,1,25,2.08,L
288,2,1,11,T,7,17,61,Fd,FD,C,32.1,22.3,17.7,0.21,3,1,25,2.08,L
289,2,1,11,T,7,18,62,Fd,FD,C,35.9,24.1,17.6,0.27,3,1,25,2.08,L
290,2,1,11,T,7,19,63,Fd,FD,C,34.5,24.5,18.2,0.26,3,2,25,2.08,L
291,2,1,11,T,7,20,64,Fd,FD,I,28.7,18.7,13.8,0.26,3,2,25,2.08,L
292,2,1,11,T,7,21,65,Fd,FD,C,28.8,23.2,16.4,0.29,3,1,25,2.08,L
293,2,1,11,T,7,22,66,Fd,FD,C,26.5,20.7,15,0.28,3,1,25,2.08,L
294,2,1,11,T,7,23,67,Fd,FD,C,29.6,20.1,17.8,0.11,2,1,25,2.08,L
295,2,1,11,T,7,24,68,Fd,FD,C,26.4,20.7,14.6,0.29,3,2,25,2.08,L
296,2,1,11,T,7,25,69,Fd,FD,C,33.4,22.7,17.9,0.21,3,1,25,2.08,L
297,2,1,11,T,7,26,70,Fd,FD,C,28.3,23.6,20.5,0.13,2,1,25,2.08,L
298,2,1,11,T,7,27,71,Fd,FD,C,30.7,24,19.1,0.20,3,2,25,2.08,L
299,2,1,11,T,7,28,72,Fd,FD,C,29,20.4,16.8,0.18,2,2,25,2.08,L
300,2,1,11,T,7,29,73,Fd,FD,C,37.8,24.4,16,0.34,4,1,25,2.08,L
301,2,1,11,T,7,30,74,Fd,FD,C,45.2,26.2,17.3,0.34,4,1,25,2.08,L
302,2,1,11,T,7,31,75,Fd,FD,C,31.9,21.8,15.5,0.29,3,1,25,2.08,L
303,2,1,12,T,15,32,191,Fd,FD,C,40.1,27.9,18.3,0.34,4,1,25,2.08,L
304,2,1,12,T,15,33,192,Fd,FD,I,19.2,18.2,11.8,0.35,4,1,25,2.08,L
305,2,1,12,T,15,34,193,Fd,FD,C,32.9,24.6,19,0.23,3,1,25,2.08,L
306,2,1,12,T,15,35,194,Fd,FD,C,35.2,28.2,20.6,0.27,3,1,25,2.08,L
307,2,1,12,T,15,36,195,Fd,FD,C,37.1,26.6,16.1,0.39,4,1,25,2.08,L
308,2,1,12,T,15,37,196,Fd,FD,C,26.7,25.5,19.9,0.22,3,2,25,2.08,L
309,2,1,12,T,15,38,197,Fd,FD,C,36.9,26.9,18.2,0.32,4,1,25,2.08,L
310,2,1,12,T,15,39,198,Fd,FD,C,27.9,24.6,17.6,0.28,3,1,25,2.08,L
311,2,1,12,T,15,40,199,Fd,FD,C,31.8,27.6,20.4,0.26,3,1,25,2.08,L
312,2,1,12,T,15,41,200,Fd,FD,C,33.3,26.3,19.6,0.25,3,1,25,2.08,L
313,2,1,12,T,15,42,1201,Fd,FD,R,0.5,0.7,-,0.99,9,1,200,16.67,L
314,2,1,13,T,16,43,201,Fd,FD,C,31.4,25.2,19.3,0.23,3,1,25,2.08,L
315,2,1,13,T,16,44,202,Fd,FD,-,27.2,4.1,-,0.00,0,3,25,2.08,D
316,2,1,13,T,16,45,203,Fd,FD,I,17.3,20.2,17.2,0.15,2,2,25,2.08,L
317,2,1,13,T,16,46,204,Fd,FD,S,19,17.2,9.7,0.44,5,2,25,2.08,L
318,2,1,13,T,16,47,205,Fd,FD,C,29.4,23.2,18.3,0.21,3,1,25,2.08,L
319,2,1,13,T,16,48,206,Fd,FD,I,20.4,20.4,16.7,0.18,2,2,25,2.08,L
320,2,1,13,T,16,49,207,Fd,FD,C,22.1,20.9,17.7,0.15,2,2,25,2.08,L
321,2,1,13,T,16,50,208,Fd,FD,C,32,25.4,17.3,0.32,4,2,25,2.08,L
322,2,1,13,T,16,51,209,Fd,FD,C,39.9,28.6,16.7,0.42,5,1,25,2.08,L
323,2,1,13,T,16,52,210,Fd,FD,I,18.4,15.7,10,0.36,4,2,25,2.08,L
324,2,1,13,T,16,53,211,Fd,FD,I,19.3,17.3,11.2,0.35,4,1,25,2.08,L
325,2,1,13,T,16,54,212,Fd,FD,S,13.3,12.5,11.1,0.11,2,2,25,2.08,L
326,2,1,13,T,16,55,213,Fd,FD,C,34.1,23.6,16.8,0.29,3,1,25,2.08,L
327,2,1,13,T,16,56,214,Fd,FD,I,18.1,22,18,0.18,2,1,25,2.08,L
328,2,1,13,T,16,57,215,Fd,FD,C,36.5,27.3,18.3,0.33,4,1,25,2.08,L
329,2,1,13,T,16,58,216,Fd,FD,I,12.8,10.8,6.9,0.36,4,2,25,2.08,L
330,2,1,13,T,16,59,217,Fd,FD,-,21,2.6,-,0.00,0,4,25,2.08,D
331,2,1,13,T,16,60,218,Fd,FD,I,15.4,15.9,8.7,0.45,5,2,25,2.08,L
332,2,1,13,T,16,61,219,Fd,FD,C,31.5,23.1,17,0.26,3,1,25,2.08,L
333,2,1,13,T,16,62,220,Fd,FD,I,18.4,21.7,18.8,0.13,2,1,25,2.08,L
334,2,1,13,T,16,63,221,Fd,FD,-,15.8,16,-,0.00,0,3,25,2.08,D
335,2,1,13,T,16,64,222,Fd,FD,I,18,19.5,17.1,0.12,2,2,25,2.08,L
336,2,1,13,T,16,65,223,Fd,FD,C,33.2,26.8,18.2,0.32,4,1,25,2.08,L
337,2,1,13,T,16,66,224,Fd,FD,I,29.1,16.9,14.4,0.15,2,2,25,2.08,L
338,2,1,13,T,16,67,225,Fd,FD,C,29.6,25.3,19.3,0.24,3,1,25,2.08,L
339,2,1,13,T,16,68,226,Fd,FD,C,26.9,23.4,18.1,0.23,3,1,25,2.08,L
340,2,1,13,T,16,69,227,Fd,FD,S,10.6,11.2,8.1,0.28,3,2,100,8.33,L
341,2,1,13,T,16,70,228,Fd,FD,S,11.8,12.1,9.9,0.18,2,2,100,8.33,L
342,2,1,13,T,16,71,1229,Fd,FD,P,4.4,4.4,-,0.40,5,1,400,33.33,L
343,2,1,14,T,17,72,20,Fd,FD,I,23.9,16,10.1,0.37,4,2,25,2.08,L
344,2,1,14,T,17,73,21,Fd,FD,C,33.1,22.7,16.7,0.26,3,1,25,2.08,L
345,2,1,14,T,17,74,22,Fd,FD,I,16.6,13.5,6.3,0.53,6,1,25,2.08,L
346,2,1,14,T,17,75,23,Fd,FD,C,42.7,25.6,12.3,0.52,6,2,25,2.08,L
347,2,1,14,T,17,76,24,Fd,FD,I,16.8,12.7,7.7,0.39,4,1,25,2.08,L
348,2,1,14,T,17,77,25,Fd,FD,C,46.7,24.4,14.1,0.42,5,1,25,2.08,L
349,2,1,14,T,17,78,26,Fd,FD,I,13.2,11.3,5.9,0.48,5,1,25,2.08,L
350,2,1,14,T,17,79,27,Fd,FD,I,9.3,8.2,5,0.39,4,1,100,8.33,L
351,2,1,14,T,17,80,28,Fd,FD,I,10.6,10.1,5.9,0.42,5,1,100,8.33,L
352,2,1,14,T,17,81,29,Fd,FD,I,10.6,9.3,6,0.35,4,1,100,8.33,L
353,2,1,14,T,17,82,30,Fd,FD,S,8.8,7.1,5.1,0.28,3,2,100,8.33,L
354,2,1,14,T,17,83,31,Fd,FD,S,10.3,8.4,5.9,0.30,3,1,100,8.33,L
355,2,1,14,T,17,84,32,Fd,FD,S,9.2,7.9,5.5,0.30,4,1,100,8.33,L
356,2,1,14,T,17,85,33,Fd,FD,S,8,8.1,6.7,0.17,2,1,100,8.33,L
357,2,1,14,T,17,86,34,Pl,PL,I,11.8,10.5,8.3,0.21,3,1,100,8.33,L
358,2,1,14,T,17,87,35,Fd,FD,S,10.1,11.3,9.5,0.16,2,1,100,8.33,L
359,2,1,14,T,17,88,36,Fd,FD,S,8.9,10.1,8.4,0.17,2,1,100,8.33,L
360,2,1,14,T,17,89,37,Fd,FD,S,8.3,9.6,7.7,0.20,2,1,100,8.33,L
361,2,1,14,T,17,90,38,Fd,FD,S,10.2,10.2,7.4,0.27,3,1,100,8.33,L
362,2,1,14,T,17,91,39,Fd,FD,I,11.4,10.5,6.4,0.39,4,2,100,8.33,L
363,2,1,14,T,17,92,1040,Fd,FD,P,4.4,4.4,-,0.40,5,1,6200,516.67,L
364,2,1,14,T,17,93,1041,Fd,FD,R,0.5,0.7,-,0.99,9,1,1000,83.33,L
365,2,1,15,T,18,94,40,Fd,FD,I,13.3,9.6,4,0.58,6,1,25,2.08,L
366,2,1,15,T,18,95,41,Fd,FD,C,56.8,26.2,16.4,0.37,4,2,25,2.08,L
367,2,1,15,T,18,96,42,Fd,FD,I,14.5,11.9,6.6,0.45,5,1,25,2.08,L
368,2,1,15,T,18,97,43,Fd,FD,I,12.9,11.3,5,0.56,6,1,25,2.08,L
369,2,1,15,T,18,98,44,Fd,FD,I,13.6,10.3,6.4,0.38,4,1,25,2.08,L
370,2,1,15,T,18,99,45,Fd,FD,I,12.5,10.5,5.6,0.47,5,2,25,2.08,L
371,2,1,15,T,18,100,46,Fd,FD,I,12.8,9.9,4.4,0.56,6,2,25,2.08,L
372,2,1,15,T,18,101,47,Fd,FD,I,22.4,16.8,7.6,0.55,6,1,25,2.08,L
373,2,1,15,T,18,102,48,Fd,FD,C,26.7,23.1,16.2,0.30,3,1,25,2.08,L
374,2,1,15,T,18,103,49,Fd,FD,C,26.5,23,12.6,0.45,5,1,25,2.08,L
375,2,1,15,T,18,104,50,Fd,FD,C,31.1,24,11.4,0.53,6,1,25,2.08,L
376,2,1,15,T,18,105,51,Fd,FD,I,12.7,11.5,5.2,0.55,6,2,25,2.08,L
377,2,1,15,T,18,106,52,Fd,FD,I,13.3,10.8,5.7,0.47,5,1,25,2.08,L
378,2,1,15,T,18,107,53,Fd,FD,S,10.3,8.5,3.5,0.59,6,1,100,8.33,L
379,2,1,15,T,18,108,54,Fd,FD,I,11.8,9.2,4,0.57,6,1,100,8.33,L
380,2,1,15,T,18,109,55,Fd,FD,I,9.5,7.3,2.9,0.60,7,2,100,8.33,L
381,2,1,15,T,18,110,56,Fd,FD,S,9.3,7.9,5.8,0.27,3,2,100,8.33,L
382,2,1,15,T,18,111,57,Fd,FD,I,11.8,10.2,5.7,0.44,5,1,100,8.33,L
383,2,1,15,T,18,112,58,Fd,FD,S,10,10,8.6,0.14,2,2,100,8.33,L
384,2,1,15,T,18,113,1059,Fd,FD,P,4.4,4.4,-,0.40,5,1,2000,166.67,L
385,2,1,15,T,18,114,1060,Fd,FD,R,0.5,0.7,-,0.99,9,1,1400,116.67,L
386,2,1,16,T,20,115,1,Fd,FD,-,20.9,14.7,-,0.00,0,4,25,2.08,D
387,2,1,16,T,20,116,2,Fd,FD,I,26.5,20.5,14.8,0.28,3,1,25,2.08,L
388,2,1,16,T,20,117,3,Fd,FD,D,54.3,31.4,21.4,0.32,4,2,25,2.08,L
389,2,1,16,T,20,118,4,Fd,FD,D,56.8,33.2,21,0.37,4,2,25,2.08,L
390,2,1,16,T,20,119,5,Fd,FD,I,19.7,17.2,8.2,0.52,6,2,25,2.08,L
391,2,1,16,T,20,120,6,Fd,FD,C,32.9,23.5,16.5,0.30,3,1,25,2.08,L
392,2,1,16,T,20,121,7,Fd,FD,I,23.7,22.5,15.7,0.30,4,2,25,2.08,L
393,2,1,16,T,20,122,8,Fd,FD,I,30.4,24.6,17,0.31,4,1,25,2.08,L
394,2,1,16,T,20,123,9,Fd,FD,C,29.4,26,18,0.31,4,1,25,2.08,L
395,2,1,16,T,20,124,10,Fd,FD,I,18.7,21.3,18,0.15,2,2,25,2.08,L
396,2,1,16,T,20,125,11,Fd,FD,S,12.5,17.1,14.2,0.17,2,2,25,2.08,L
397,2,1,16,T,20,126,12,Fd,FD,I,33.4,24.3,17.2,0.29,3,1,25,2.08,L
398,2,1,16,T,20,127,13,Fd,FD,I,25.6,23.8,17.9,0.25,3,1,25,2.08,L
399,2,1,16,T,20,128,14,Fd,FD,C,41.6,26.1,17.1,0.34,4,1,25,2.08,L
400,2,1,16,T,20,129,15,Fd,FD,I,28.9,24.2,17,0.30,3,1,25,2.08,L
401,2,1,16,T,20,130,16,Fd,FD,I,16.5,15.8,13.2,0.16,2,1,25,2.08,L
402,2,1,16,T,20,131,17,Fd,FD,-,26.3,3.9,-,0.00,0,4,25,2.08,D
403,2,1,16,T,20,132,18,Fd,FD,S,9.2,11.7,9.4,0.20,2,2,100,8.33,L
404,2,1,16,T,20,133,19,Fd,FD,S,9.4,10,6.5,0.35,4,2,100,8.33,L
405,2,1,17,T,21,134,106,Fd,FD,I,14.1,13.2,5.8,0.56,6,2,25,2.08,L
406,2,1,17,T,21,135,107,Ep,EP,-,14.8,11.5,-,0.00,0,3,25,2.08,D
407,2,1,17,T,21,136,108,Fd,FD,I,16.5,16,10.3,0.36,4,2,25,2.08,L
408,2,1,17,T,21,137,109,Fd,FD,I,21.8,17.6,11.4,0.35,4,1,25,2.08,L
409,2,1,17,T,21,138,110,Fd,FD,I,14.7,13.2,9.8,0.26,3,1,25,2.08,L
410,2,1,17,T,21,139,111,Fd,FD,I,15,13.2,9.9,0.25,3,1,25,2.08,L
411,2,1,17,T,21,140,112,Fd,FD,I,18.5,14.7,8.9,0.39,4,1,25,2.08,L
412,2,1,17,T,21,141,113,Fd,FD,-,70,4.5,-,0.00,0,4,25,2.08,D
413,2,1,17,T,21,142,114,Fd,FD,I,13.3,12.8,8.3,0.35,4,2,25,2.08,L
414,2,1,17,T,21,143,115,Fd,FD,I,18.6,14.6,9.6,0.34,4,1,25,2.08,L
415,2,1,17,T,21,144,116,Fd,FD,C,29.6,21.6,13.8,0.36,4,1,25,2.08,L
416,2,1,17,T,21,145,117,Fd,FD,I,19.9,16.6,11.5,0.31,4,1,25,2.08,L
417,2,1,17,T,21,146,118,Fd,FD,I,16.4,13.1,9,0.31,4,1,25,2.08,L
418,2,1,17,T,21,147,119,Fd,FD,C,26.2,21,13,0.38,4,1,25,2.08,L
419,2,1,17,T,21,148,120,Fd,FD,I,17.7,14.3,10.8,0.24,3,1,25,2.08,L
420,2,1,17,T,21,149,121,Fd,FD,S,14.9,12.5,10,0.20,3,1,25,2.08,L
421,2,1,17,T,21,150,122,Fd,FD,I,19.1,16.2,9.6,0.41,5,1,25,2.08,L
422,2,1,17,T,21,151,123,Fd,FD,I,13.1,12,7.5,0.38,4,1,25,2.08,L
423,2,1,17,T,21,152,124,Fd,FD,I,14.6,13.3,9.8,0.26,3,1,25,2.08,L
424,2,1,17,T,21,153,125,Fd,FD,S,8.9,8.8,7.1,0.19,2,1,100,8.33,L
425,2,1,17,T,21,154,126,Fd,FD,S,9,7.7,3.6,0.53,6,2,100,8.33,L
426,2,1,17,T,21,155,127,Fd,FD,S,10.5,5.5,5.2,0.05,1,2,100,8.33,L
427,2,1,17,T,21,156,128,Fd,FD,S,10.5,11.7,8.4,0.28,3,1,100,8.33,L
428,2,1,17,T,21,157,129,Fd,FD,S,8.3,9.1,7.2,0.21,3,1,100,8.33,L
429,2,1,17,T,21,158,1130,Fd,FD,P,4.4,4.4,-,0.40,5,1,400,33.33,L
430,2,1,17,T,21,159,1131,Fd,FD,R,0.5,0.7,-,0.99,9,1,2000,166.67,L
431,2,1,18,T,23,160,229,Fd,FD,C,46.8,25.6,15.1,0.41,5,1,25,2.08,L
432,2,1,18,T,23,161,230,Fd,FD,I,16.9,15.8,12.2,0.23,3,1,25,2.08,L
433,2,1,18,T,23,162,231,Fd,FD,I,20.5,17.4,8.6,0.51,6,1,25,2.08,L
434,2,1,18,T,23,163,232,Fd,FD,I,16.1,16.5,12.1,0.27,3,2,25,2.08,L
435,2,1,18,T,23,164,233,Fd,FD,I,17,13.9,8.9,0.36,4,1,25,2.08,L
436,2,1,18,T,23,165,234,Fd,FD,I,22.5,18.1,10.6,0.41,5,1,25,2.08,L
437,2,1,18,T,23,166,235,Fd,FD,C,38.2,19.9,10.3,0.48,5,2,25,2.08,L
438,2,1,18,T,23,167,236,Fd,FD,C,50.3,26.4,13.8,0.48,5,2,25,2.08,L
439,2,1,18,T,23,168,237,Fd,FD,C,42.7,25.1,12.4,0.51,6,1,25,2.08,L
440,2,1,18,T,23,169,238,Fd,FD,S,12.5,8.6,3.4,0.60,7,1,25,2.08,L
441,2,1,18,T,23,170,239,Fd,FD,C,27.8,20.1,14.4,0.28,3,2,25,2.08,L
442,2,1,18,T,23,171,240,Fd,FD,C,31.9,21.9,14.1,0.36,4,1,25,2.08,L
443,2,1,18,T,23,172,241,Fd,FD,I,29.4,20.3,14,0.31,4,1,25,2.08,L
444,2,1,18,T,23,173,242,Fd,FD,I,24,16.7,11.2,0.33,4,1,25,2.08,L
445,2,1,18,T,23,174,243,Fd,FD,I,23,16.1,6.9,0.57,6,1,25,2.08,L
446,2,1,18,T,23,175,244,Fd,FD,S,13.6,12.3,8.7,0.29,3,2,25,2.08,L
447,2,1,18,T,23,176,245,Fd,FD,I,24.6,17.5,8.7,0.50,6,2,25,2.08,L
448,2,1,18,T,23,177,246,Fd,FD,I,19.8,18.7,13.8,0.26,3,2,25,2.08,L
449,2,1,18,T,23,178,247,Fd,FD,I,22,17.4,10.4,0.40,5,1,25,2.08,L
450,2,1,18,T,23,179,248,Fd,FD,I,15.7,15.8,11.2,0.29,3,1,25,2.08,L
451,2,1,18,T,23,180,249,Fd,FD,S,14.2,13.4,7.4,0.45,5,1,25,2.08,L
452,2,1,18,T,23,181,250,Fd,FD,S,13.2,11.7,7.4,0.37,4,1,25,2.08,L
453,2,1,18,T,23,182,251,Fd,FD,C,43.9,23.5,13.7,0.42,5,1,25,2.08,L
454,2,1,18,T,23,183,252,Fd,FD,S,11.1,10.1,6.3,0.38,4,2,100,8.33,L
455,2,1,18,T,23,184,253,Fd,FD,S,8.9,9.4,5.7,0.39,4,1,100,8.33,L
456,2,1,18,T,23,185,1254,Fd,FD,P,4.4,4.4,-,0.40,5,1,800,66.67,L
457,2,1,18,T,23,186,1255,Fd,FD,R,0.5,0.7,-,0.99,9,1,400,33.33,L
458,2,1,19,T,24,187,144,Fd,FD,I,20,17.9,13.5,0.25,3,1,25,2.08,L
459,2,1,19,T,24,188,145,Fd,FD,C,36.8,25.4,15.4,0.39,4,1,25,2.08,L
460,2,1,19,T,24,189,146,Fd,FD,I,18.4,15.5,11.6,0.25,3,2,25,2.08,L
461,2,1,19,T,24,190,147,Fd,FD,C,28.8,24.6,16.9,0.31,4,1,25,2.08,L
462,2,1,19,T,24,191,148,Fd,FD,I,13.1,10.3,6.7,0.35,4,1,25,2.08,L
463,2,1,19,T,24,192,149,Fd,FD,I,18.8,18.5,12.9,0.30,4,2,25,2.08,L
464,2,1,19,T,24,193,150,Fd,FD,I,20.7,18.3,14.6,0.20,3,2,25,2.08,L
465,2,1,19,T,24,194,151,Fd,FD,I,17.5,14.5,11.6,0.20,3,1,25,2.08,L
466,2,1,19,T,24,195,152,Fd,FD,I,21.8,17.8,13.7,0.23,3,1,25,2.08,L
467,2,1,19,T,24,196,153,Fd,FD,C,34.7,23.9,14.9,0.38,4,1,25,2.08,L
468,2,1,19,T,24,197,154,Fd,FD,I,13.7,10.4,5.7,0.45,5,2,25,2.08,L
469,2,1,19,T,24,198,155,Fd,FD,D,69.3,31.4,18.8,0.40,5,2,25,2.08,L
470,2,1,19,T,24,199,156,Fd,FD,C,60.9,27.4,18.4,0.33,4,2,25,2.08,L
471,2,1,19,T,24,200,157,Fd,FD,I,21.1,14,11.2,0.20,3,2,25,2.08,L
472,2,1,19,T,24,201,158,Fd,FD,-,15.3,4.8,-,0.00,0,4,25,2.08,D
473,2,1,19,T,24,202,159,Fd,FD,-,13.3,6.4,-,0.00,0,4,25,2.08,D
474,2,1,19,T,24,203,160,Fd,FD,I,56.3,18.2,11,0.40,4,2,25,2.08,L
475,2,1,19,T,24,204,161,Fd,FD,I,20.5,17,13.3,0.22,3,2,25,2.08,L
476,2,1,19,T,24,205,162,Fd,FD,S,12.7,12.5,10,0.20,3,1,25,2.08,L
477,2,1,19,T,24,206,163,Fd,FD,S,10.4,10.9,8.4,0.23,3,2,100,8.33,L
478,2,1,19,T,24,207,164,Fd,FD,S,11.7,11,8.3,0.25,3,2,100,8.33,L
479,2,1,19,T,24,208,165,Fd,FD,S,10.3,9.9,8.7,0.12,2,1,100,8.33,L
480,2,1,19,T,24,209,166,Fd,FD,S,11.4,13.1,9.7,0.26,3,2,100,8.33,L
481,2,1,19,T,24,210,167,Fd,FD,S,11.6,10.8,7.1,0.34,4,2,100,8.33,L
482,2,1,19,T,24,211,168,Fd,FD,I,12.4,12.1,7.1,0.41,5,1,100,8.33,L
483,2,1,19,T,24,212,169,Fd,FD,S,11.8,9.1,7.1,0.22,3,2,100,8.33,L
484,2,1,19,T,24,213,170,Fd,FD,S,8.9,10.1,7.7,0.24,3,1,100,8.33,L
485,2,1,19,T,24,214,171,Fd,FD,S,10.5,12.1,9.2,0.24,3,2,100,8.33,L
486,2,1,19,T,24,215,172,Fd,FD,S,9.1,10,6.8,0.32,4,1,100,8.33,L
487,2,1,19,T,24,216,173,Fd,FD,S,8.1,10.4,7.8,0.25,3,1,100,8.33,L
488,2,1,19,T,24,217,174,Fd,FD,S,8.7,12.1,11.3,0.07,1,1,100,8.33,L
489,2,1,19,T,24,218,175,Fd,FD,S,8.4,7.9,5.8,0.27,3,2,100,8.33,L
490,2,1,19,T,24,219,176,Fd,FD,S,7.9,9.7,7.3,0.25,3,2,100,8.33,L
491,2,1,19,T,24,220,1177,Fd,FD,P,4.4,4.4,-,0.40,5,1,1800,150.00,L
492,2,1,20,T,19C,221,76,Fd,FD,I,16.9,11.9,5.8,0.51,6,1,25,2.08,L
493,2,1,20,T,19C,222,77,Fd,FD,I,17.9,13.9,9.2,0.34,4,1,25,2.08,L
494,2,1,20,T,19C,223,78,Fd,FD,C,35.6,19.7,12.9,0.35,4,1,25,2.08,L
495,2,1,20,T,19C,224,79,Fd,FD,I,32.2,17.8,11.2,0.37,4,2,25,2.08,L
496,2,1,20,T,19C,225,80,Fd,FD,I,16.4,13.1,7,0.47,5,2,25,2.08,L
497,2,1,20,T,19C,226,81,Fd,FD,C,35.2,20.5,11.4,0.44,5,1,25,2.08,L
498,2,1,20,T,19C,227,82,Fd,FD,I,20.2,16.2,12.1,0.25,3,1,25,2.08,L
499,2,1,20,T,19C,228,83,Fd,FD,I,21.7,16.8,12.8,0.24,3,1,25,2.08,L
500,2,1,20,T,19C,229,84,Fd,FD,I,21.2,15.5,12,0.23,3,1,25,2.08,L
501,2,1,20,T,19C,230,85,Fd,FD,I,23,14.4,10.6,0.26,3,2,25,2.08,L
502,2,1,20,T,19C,231,86,Fd,FD,I,30,16.2,11.8,0.27,3,2,25,2.08,L
503,2,1,20,T,19C,232,87,Fd,FD,I,24.9,16,11.2,0.30,4,2,25,2.08,L
504,2,1,20,T,19C,233,88,Fd,FD,C,62.6,21.1,13.5,0.36,4,2,25,2.08,L
505,2,1,20,T,19C,234,89,Fd,FD,I,15.6,13.3,7.8,0.41,5,1,25,2.08,L
506,2,1,20,T,19C,235,90,Fd,FD,I,15.6,13.8,10.1,0.27,3,1,25,2.08,L
507,2,1,20,T,19C,236,91,Fd,FD,I,15.9,13.9,9.4,0.32,4,1,25,2.08,L
508,2,1,20,T,19C,237,92,Fd,FD,I,14,12.7,9.6,0.24,3,1,25,2.08,L
509,2,1,20,T,19C,238,93,Fd,FD,I,13,12.8,9,0.30,3,1,25,2.08,L
510,2,1,20,T,19C,239,94,Fd,FD,I,14.7,13.5,9.3,0.31,4,1,25,2.08,L
511,2,1,20,T,19C,240,95,Fd,FD,I,13.7,11,6.5,0.41,5,1,25,2.08,L
512,2,1,20,T,19C,241,96,Fd,FD,I,25.6,17.4,5.7,0.67,7,1,25,2.08,L
513,2,1,20,T,19C,242,97,Fd,FD,I,16.4,14.2,8.7,0.39,4,1,25,2.08,L
514,2,1,20,T,19C,243,98,Fd,FD,I,18.1,14.1,9.1,0.35,4,1,25,2.08,L
515,2,1,20,T,19C,244,99,Fd,FD,I,26.8,16.3,6.5,0.60,7,1,25,2.08,L
516,2,1,20,T,19C,245,100,Fd,FD,I,16.6,14.3,7.3,0.49,5,1,25,2.08,L
517,2,1,20,T,19C,246,101,Fd,FD,S,10.3,8.7,5.8,0.33,4,1,100,8.33,L
518,2,1,20,T,19C,247,102,Fd,FD,S,8.6,9.2,5.7,0.38,4,1,100,8.33,L
519,2,1,20,T,19C,248,103,Fd,FD,S,11.3,10.6,7,0.34,4,1,100,8.33,L
520,2,1,20,T,19C,249,104,Fd,FD,S,9.2,9.7,5.8,0.40,5,2,100,8.33,L
521,2,1,20,T,19C,250,105,Fd,FD,S,8.5,8.9,6.4,0.28,3,1,100,8.33,L
522,2,1,21,T,22C,251,177,Fd,FD,C,40.2,21.1,12.8,0.39,4,1,25,2.08,L
523,2,1,21,T,22C,252,178,Fd,FD,C,53,27.6,15.5,0.44,5,1,25,2.08,L
524,2,1,21,T,22C,253,179,Fd,FD,I,17.6,13.4,6.3,0.53,6,2,25,2.08,L
525,2,1,21,T,22C,254,180,Fd,FD,I,15.5,9.8,5.1,0.48,5,2,25,2.08,L
526,2,1,21,T,22C,255,181,Fd,FD,I,16.8,14.5,10.1,0.30,4,1,25,2.08,L
527,2,1,21,T,22C,256,182,Fd,FD,D,75.6,26.6,16.8,0.37,4,2,25,2.08,L
528,2,1,21,T,22C,257,183,Fd,FD,D,71.6,25.8,14.8,0.43,5,2,25,2.08,L
529,2,1,21,T,22C,258,184,Fd,FD,I,22.1,14.8,9.8,0.34,4,1,25,2.08,L
530,2,1,21,T,22C,259,185,Fd,FD,I,15.4,13.3,8.5,0.36,4,2,25,2.08,L
531,2,1,21,T,22C,260,186,Fd,FD,I,23.8,16.5,10.6,0.36,4,1,25,2.08,L
532,2,1,21,T,22C,261,187,Fd,FD,S,13.5,9.8,6,0.39,4,1,25,2.08,L
533,2,1,21,T,22C,262,188,Fd,FD,C,34.1,19,14.1,0.26,3,1,25,2.08,L
534,2,1,21,T,22C,263,189,Fd,FD,C,25.8,18.6,13,0.30,4,1,25,2.08,L
535,2,1,21,T,22C,264,190,Fd,FD,S,12.3,11.7,7.7,0.34,4,1,100,8.33,L
536,2,1,21,T,22C,265,1191,Fd,FD,P,4.4,4.4,-,0.40,5,1,1800,150.00,L
537,2,1,21,T,22C,266,1192,Fd,FD,R,0.5,0.7,-,0.99,9,1,600,50.00,L
538,3,2,22,C,12,1,243,Fd,FD,C,47.1,24.6,17.3,0.30,3,1,25,3.13,L
539,3,2,22,C,12,2,244,Fd,FD,-,87.8,34.4,-,0.00,0,3,25,3.13,D
540,3,2,22,C,12,3,245,Fd,FD,C,56,28.2,17.4,0.38,4,1,25,3.13,L
541,3,2,22,C,12,4,246,Fd,FD,I,18.9,16.6,9.6,0.42,5,1,25,3.13,L
542,3,2,22,C,12,5,247,Fd,FD,S,15.1,14.6,9.4,0.36,4,1,25,3.13,L
543,3,2,22,C,12,6,248,Fd,FD,S,13,14.1,8.3,0.41,5,2,25,3.13,L
544,3,2,22,C,12,7,249,Fd,FD,I,19.1,16.7,12.5,0.25,3,1,25,3.13,L
545,3,2,22,C,12,8,250,Fd,FD,C,18.4,22.1,15.3,0.31,4,1,25,3.13,L
546,3,2,22,C,12,9,251,Fd,FD,I,20.3,18.2,10.8,0.41,5,1,25,3.13,L
547,3,2,22,C,12,10,252,Fd,FD,I,17.9,15.3,10.8,0.29,3,2,25,3.13,L
548,3,2,22,C,12,11,253,Fd,FD,I,16.5,18.1,13,0.28,3,2,25,3.13,L
549,3,2,22,C,12,12,254,Fd,FD,I,13.3,15.8,10.6,0.33,4,2,25,3.13,L
550,3,2,22,C,12,13,255,Fd,FD,C,23.5,20.1,13,0.35,4,2,25,3.13,L
551,3,2,22,C,12,14,256,Fd,FD,C,30.2,25.1,18.9,0.25,3,1,25,3.13,L
552,3,2,22,C,12,15,257,Fd,FD,C,28.7,22.5,17.2,0.24,3,2,25,3.13,L
553,3,2,22,C,12,16,258,Fd,FD,I,23.5,20.8,14.3,0.31,4,1,25,3.13,L
554,3,2,22,C,12,17,259,Fd,FD,S,8.4,7.7,6.7,0.13,2,1,100,12.50,L
555,3,2,22,C,12,18,260,Fd,FD,S,8.5,6.5,4.9,0.25,3,2,100,12.50,L
556,3,2,22,C,12,19,1261,Fd,FD,P,4.4,4.4,-,0.40,5,1,200,25.00,L
557,3,2,22,C,12,20,1262,Fd,FD,R,0.5,0.7,-,0.99,9,1,2800,350.00,L
558,3,2,23,C,15,21,221,Fd,FD,D,61.5,33.3,20.6,0.38,4,1,25,3.13,L
559,3,2,23,C,15,22,222,Fd,FD,S,13.1,13.4,10.4,0.22,3,1,25,3.13,L
560,3,2,23,C,15,23,223,Fd,FD,S,15.3,9.9,8.4,0.15,2,2,25,3.13,L
561,3,2,23,C,15,24,224,Fd,FD,C,40.1,27.8,20.8,0.25,3,1,25,3.13,L
562,3,2,23,C,15,25,225,Fd,FD,C,40.5,28.5,16,0.44,5,1,25,3.13,L
563,3,2,23,C,15,26,226,Fd,FD,S,13.8,13.7,9.1,0.34,4,1,25,3.13,L
564,3,2,23,C,15,27,227,Fd,FD,I,24.4,24.8,15.7,0.37,4,1,25,3.13,L
565,3,2,23,C,15,28,228,Fd,FD,S,18.1,18.2,13.8,0.24,3,1,25,3.13,L
566,3,2,23,C,15,29,229,Fd,FD,S,13.4,11,9.1,0.17,2,1,25,3.13,L
567,3,2,23,C,15,30,230,Fd,FD,S,15.3,16.5,12.6,0.24,3,2,25,3.13,L
568,3,2,23,C,15,31,231,Fd,FD,C,41.1,25.2,18,0.29,3,1,25,3.13,L
569,3,2,23,C,15,32,232,Fd,FD,D,49.5,31.8,15.4,0.52,6,1,25,3.13,L
570,3,2,23,C,15,33,233,Fd,FD,C,29.5,24.4,16.2,0.34,4,2,25,3.13,L
571,3,2,23,C,15,34,234,Fd,FD,S,13.5,16.4,12.9,0.21,3,1,25,3.13,L
572,3,2,23,C,15,35,235,Fd,FD,C,54.4,25.5,16.3,0.36,4,2,25,3.13,L
573,3,2,23,C,15,36,236,Fd,FD,C,56.5,29.7,16.2,0.45,5,1,25,3.13,L
574,3,2,23,C,15,37,237,Fd,FD,C,60.3,29.6,17.6,0.41,5,2,25,3.13,L
575,3,2,23,C,15,38,238,Fd,FD,S,17.1,15,11.7,0.22,3,2,25,3.13,L
576,3,2,23,C,15,39,239,Fd,FD,S,9.2,9.5,7.1,0.25,3,1,100,12.50,L
577,3,2,23,C,15,40,240,Fd,FD,S,9,9.3,7.7,0.17,2,2,100,12.50,L
578,3,2,23,C,15,41,241,Fd,FD,S,8.8,10.8,9,0.17,2,2,100,12.50,L
579,3,2,23,C,15,42,242,Fd,FD,S,8.9,8.7,7.2,0.17,2,2,100,12.50,L
580,3,2,24,C,16,43,431,Fd,FD,I,19.2,19.2,15.5,0.19,2,2,25,3.13,L
581,3,2,24,C,16,44,432,Fd,FD,S,12.5,10.9,8.8,0.19,2,1,25,3.13,L
582,3,2,24,C,16,45,433,Fd,FD,C,27.8,23.2,18,0.22,3,1,25,3.13,L
583,3,2,24,C,16,46,434,Fd,FD,I,13.6,17.8,14.9,0.16,2,2,25,3.13,L
584,3,2,24,C,16,47,435,Fd,FD,I,17,18.9,14.2,0.25,3,1,25,3.13,L
585,3,2,24,C,16,48,436,Fd,FD,I,13.1,13.2,9.6,0.27,3,2,25,3.13,L
586,3,2,24,C,16,49,437,Fd,FD,C,32.7,24.3,18.9,0.22,3,1,25,3.13,L
587,3,2,24,C,16,50,438,Fd,FD,I,15,17.7,15.5,0.12,2,1,25,3.13,L
588,3,2,24,C,16,51,439,Fd,FD,S,12.6,14.5,12.4,0.14,2,1,25,3.13,L
589,3,2,24,C,16,52,440,Fd,FD,I,14.4,16.1,12.9,0.20,2,1,25,3.13,L
590,3,2,24,C,16,53,441,Fd,FD,I,13,14.5,12.1,0.17,2,2,25,3.13,L
591,3,2,24,C,16,54,442,Fd,FD,I,26.8,20.2,16,0.21,3,1,25,3.13,L
592,3,2,24,C,16,55,443,Fd,FD,I,12.7,14.7,11.1,0.24,3,1,25,3.13,L
593,3,2,24,C,16,56,444,Fd,FD,I,15.7,15.9,11.8,0.26,3,2,25,3.13,L
594,3,2,24,C,16,57,445,Fd,FD,I,18.6,17.1,12.4,0.27,3,1,25,3.13,L
595,3,2,24,C,16,58,446,Fd,FD,C,42,23.4,16.9,0.28,3,1,25,3.13,L
596,3,2,24,C,16,59,447,Fd,FD,D,55.6,30,20.8,0.31,4,2,25,3.13,L
597,3,2,24,C,16,60,448,Fd,FD,C,36.1,23.8,17.6,0.26,3,1,25,3.13,L
598,3,2,24,C,16,61,449,Fd,FD,I,14.3,16.1,11.8,0.27,3,2,25,3.13,L
599,3,2,24,C,16,62,450,Fd,FD,C,24.8,20.9,14.1,0.33,4,1,25,3.13,L
600,3,2,24,C,16,63,451,Fd,FD,C,20.2,22.1,16.8,0.24,3,1,25,3.13,L
601,3,2,24,C,16,64,452,Fd,FD,C,17.7,21.1,15.8,0.25,3,1,25,3.13,L
602,3,2,24,C,16,65,453,Fd,FD,C,25.1,23.1,17.3,0.25,3,1,25,3.13,L
603,3,2,24,C,16,66,454,Fd,FD,I,13.2,13.9,11.9,0.14,2,2,25,3.13,L
604,3,2,24,C,16,67,455,Fd,FD,C,21.7,20.8,15.4,0.26,3,1,25,3.13,L
605,3,2,24,C,16,68,456,Fd,FD,C,26.5,22.5,16.3,0.28,3,1,25,3.13,L
606,3,2,24,C,16,69,457,Fd,FD,I,24.2,21.4,16.5,0.23,3,2,25,3.13,L
607,3,2,24,C,16,70,458,Fd,FD,I,19.7,18.3,12,0.34,4,1,25,3.13,L
608,3,2,24,C,16,71,459,Fd,FD,I,12.7,15.5,8.4,0.46,5,1,25,3.13,L
609,3,2,24,C,16,72,460,Fd,FD,C,22.8,22.5,16.3,0.28,3,1,25,3.13,L
610,3,2,24,C,16,73,461,Fd,FD,I,24.1,21.8,15.2,0.30,4,1,25,3.13,L
611,3,2,24,C,16,74,462,Fd,FD,I,27.7,22.9,16,0.30,4,1,25,3.13,L
612,3,2,24,C,16,75,463,Fd,FD,D,55.4,32.2,23.6,0.27,3,1,25,3.13,L
613,3,2,24,C,16,76,464,Fd,FD,D,47.3,29.5,21.2,0.28,3,2,25,3.13,L
614,3,2,24,C,16,77,465,Fd,FD,D,52,30.5,22.3,0.27,3,2,25,3.13,L
615,3,2,24,C,16,78,466,Fd,FD,I,21.4,20.6,15.6,0.24,3,1,25,3.13,L
616,3,2,24,C,16,79,467,Fd,FD,I,18.5,18.4,14.7,0.20,3,1,25,3.13,L
617,3,2,24,C,16,80,468,Fd,FD,I,20,19.7,16,0.19,2,1,25,3.13,L
618,3,2,24,C,16,81,469,Fd,FD,S,8,7.8,6.9,0.12,2,2,100,12.50,L
619,3,2,24,C,16,82,470,Fd,FD,S,7.7,10.2,8.2,0.20,2,2,100,12.50,L
620,3,2,24,C,16,83,471,Fd,FD,S,9.7,10.1,8.4,0.17,2,1,100,12.50,L
621,3,2,24,C,16,84,472,Fd,FD,S,7.6,6.8,5.3,0.22,3,2,100,12.50,L
622,3,2,24,C,16,85,473,Fd,FD,S,10.8,11.3,7.4,0.35,4,2,100,12.50,L
623,3,2,24,C,16,86,474,Fd,FD,S,9.1,10.8,9.4,0.13,2,2,100,12.50,L
624,3,2,24,C,16,87,475,Fd,FD,S,10.7,12.8,11.8,0.08,1,2,100,12.50,L
625,3,2,24,C,16,88,476,Fd,FD,S,8,9.4,8.3,0.12,2,2,100,12.50,L
626,3,2,24,C,16,89,477,Fd,FD,S,11.6,13.5,12.8,0.05,1,1,100,12.50,L
627,3,2,24,C,16,90,478,Fd,FD,S,10.2,10.8,7.9,0.27,3,1,100,12.50,L
628,3,2,24,C,16,91,1479,Fd,FD,P,4.4,4.4,-,0.40,5,1,200,25.00,L
629,3,2,24,C,16,92,1480,Fd,FD,R,0.5,0.7,-,0.99,9,1,200,25.00,L
630,3,2,25,C,17,93,287,Fd,FD,D,69.6,37.8,28,0.26,3,2,25,3.13,L
631,3,2,25,C,17,94,288,Fd,FD,C,59.6,31,22.3,0.28,3,2,25,3.13,L
632,3,2,25,C,17,95,289,Fd,FD,S,18.4,17.3,15.5,0.10,2,1,25,3.13,L
633,3,2,25,C,17,96,290,Fd,FD,I,27.6,24.6,18,0.27,3,1,25,3.13,L
634,3,2,25,C,17,97,291,Fd,FD,S,12.5,11.9,9.3,0.22,3,2,25,3.13,L
635,3,2,25,C,17,98,292,Fd,FD,C,36.6,30.6,18,0.41,5,1,25,3.13,L
636,3,2,25,C,17,99,293,Fd,FD,I,19.7,17.8,10.2,0.43,5,2,25,3.13,L
637,3,2,25,C,17,100,294,Fd,FD,I,17.6,21.3,17.8,0.16,2,1,25,3.13,L
638,3,2,25,C,17,101,295,Fd,FD,S,13.6,14.9,13.1,0.12,2,1,25,3.13,L
639,3,2,25,C,17,102,296,Fd,FD,C,28,26.7,20.9,0.22,3,1,25,3.13,L
640,3,2,25,C,17,103,297,Fd,FD,S,12.8,12.5,9.6,0.23,3,1,25,3.13,L
641,3,2,25,C,17,104,298,Pl,PL,-,15.9,19.5,-,0.00,0,3,25,3.13,D
642,3,2,25,C,17,105,299,Fd,FD,S,15.6,17.1,16.4,0.04,1,2,25,3.13,L
643,3,2,25,C,17,106,300,Fd,FD,S,13.1,14,12.3,0.12,2,1,25,3.13,L
644,3,2,25,C,17,107,301,Fd,FD,I,14.2,15,11.3,0.25,3,1,25,3.13,L
645,3,2,25,C,17,108,302,Fd,FD,C,21.4,21.4,14.8,0.31,4,1,25,3.13,L
646,3,2,25,C,17,109,303,Fd,FD,S,17.8,11.5,6.5,0.43,5,2,25,3.13,L
647,3,2,25,C,17,110,304,Fd,FD,C,20,17.6,10.3,0.41,5,1,25,3.13,L
648,3,2,25,C,17,111,305,Fd,FD,S,12.5,14,12.2,0.13,2,2,25,3.13,L
649,3,2,25,C,17,112,306,Fd,FD,C,24.4,19.3,11,0.43,5,1,25,3.13,L
650,3,2,25,C,17,113,307,Fd,FD,S,8,10,5.8,0.42,5,1,100,12.50,L
651,3,2,25,C,17,114,308,Fd,FD,S,11,12.8,10.8,0.16,2,2,100,12.50,L
652,3,2,25,C,17,115,309,Fd,FD,S,8.5,11.2,9.2,0.18,2,1,100,12.50,L
653,3,2,25,C,17,116,1310,Fd,FD,P,4.4,4.4,-,0.40,5,1,400,50.00,L
654,3,2,25,C,17,117,1311,Fd,FD,R,0.5,0.7,-,0.99,9,1,1800,225.00,L
655,3,2,26,C,19,118,261,Fd,FD,S,14.6,12.2,7.9,0.35,4,1,25,3.13,L
656,3,2,26,C,19,119,262,Fd,FD,I,22.2,22.4,13.6,0.39,4,1,25,3.13,L
657,3,2,26,C,19,120,263,Fd,FD,C,34,27,17.7,0.34,4,1,25,3.13,L
658,3,2,26,C,19,121,264,Fd,FD,S,13.7,11.6,8.2,0.29,3,2,25,3.13,L
659,3,2,26,C,19,122,265,Fd,FD,I,16.3,16.4,12.9,0.21,3,1,25,3.13,L
660,3,2,26,C,19,123,266,Fd,FD,I,21,21.3,13.7,0.36,4,1,25,3.13,L
661,3,2,26,C,19,124,267,Fd,FD,C,38.6,27.9,18.6,0.33,4,1,25,3.13,L
662,3,2,26,C,19,125,268,Fd,FD,S,13.8,12.4,10.4,0.16,2,2,25,3.13,L
663,3,2,26,C,19,126,269,Fd,FD,S,15.3,14.8,12.5,0.16,2,1,25,3.13,L
664,3,2,26,C,19,127,270,Fd,FD,I,21.1,16.6,11.1,0.33,4,1,25,3.13,L
665,3,2,26,C,19,128,271,Fd,FD,I,21.4,21.6,13,0.40,4,2,25,3.13,L
666,3,2,26,C,19,129,272,Fd,FD,I,17.8,16.8,11.4,0.32,4,2,25,3.13,L
667,3,2,26,C,19,130,273,Fd,FD,I,15.8,17.2,13,0.24,3,2,25,3.13,L
668,3,2,26,C,19,131,274,Fd,FD,I,13.4,15.4,12.8,0.17,2,1,25,3.13,L
669,3,2,26,C,19,132,275,Fd,FD,C,36.9,27.7,14.4,0.48,5,1,25,3.13,L
670,3,2,26,C,19,133,276,Fd,FD,I,20.7,15.7,11.3,0.28,3,2,25,3.13,L
671,3,2,26,C,19,134,277,Fd,FD,C,65.5,32.2,19.7,0.39,4,1,25,3.13,L
672,3,2,26,C,19,135,278,Fd,FD,I,33.1,24.4,16.2,0.34,4,2,25,3.13,L
673,3,2,26,C,19,136,279,Fd,FD,C,61.2,25.7,17.6,0.32,4,2,25,3.13,L
674,3,2,26,C,19,137,280,Fd,FD,C,66.6,32,17.9,0.44,5,1,25,3.13,L
675,3,2,26,C,19,138,281,Fd,FD,C,46.7,34.6,19.4,0.44,5,1,25,3.13,L
676,3,2,26,C,19,139,282,Fd,FD,C,37.6,28.5,21.5,0.25,3,2,25,3.13,L
677,3,2,26,C,19,140,283,Fd,FD,C,56.5,33.8,22.7,0.33,4,2,25,3.13,L
678,3,2,26,C,19,141,284,Fd,FD,S,12.6,15.1,10.5,0.30,4,2,100,12.50,L
679,3,2,26,C,19,142,285,Fd,FD,S,8.4,9.8,6.5,0.34,4,2,100,12.50,L
680,3,2,26,C,19,143,286,Fd,FD,S,12.4,10.3,6.5,0.37,4,2,100,12.50,L
681,3,2,26,C,19,144,1287,Fd,FD,P,4.4,4.4,-,0.40,5,1,1000,125.00,L
682,3,2,26,C,19,145,1288,Fd,FD,R,0.5,0.7,-,0.99,9,1,200,25.00,L
683,3,2,27,C,20,146,387,Fd,FD,I,12.5,12.8,9.8,0.23,3,1,25,3.13,L
684,3,2,27,C,20,147,388,Fd,FD,C,34.7,29.1,16.9,0.42,5,1,25,3.13,L
685,3,2,27,C,20,148,389,Fd,FD,C,23.3,22.5,13.1,0.42,5,1,25,3.13,L
686,3,2,27,C,20,149,390,Fd,FD,I,13.2,13.5,8.8,0.35,4,2,25,3.13,L
687,3,2,27,C,20,150,391,Fd,FD,C,28.9,24.1,13.1,0.46,5,2,25,3.13,L
688,3,2,27,C,20,151,392,Fd,FD,I,21.1,21,16.7,0.20,3,1,25,3.13,L
689,3,2,27,C,20,152,393,Fd,FD,C,39.4,28.8,19.8,0.31,4,1,25,3.13,L
690,3,2,27,C,20,153,394,Fd,FD,I,15.4,16.9,14.4,0.15,2,2,25,3.13,L
691,3,2,27,C,20,154,395,Fd,FD,C,29.9,24.5,16.7,0.32,4,1,25,3.13,L
692,3,2,27,C,20,155,396,Fd,FD,S,13.8,11.7,8.8,0.25,3,2,25,3.13,L
693,3,2,27,C,20,156,397,Fd,FD,C,32.5,24.5,18.2,0.26,3,2,25,3.13,L
694,3,2,27,C,20,157,398,Fd,FD,S,16.1,15.4,13,0.16,2,1,25,3.13,L
695,3,2,27,C,20,158,399,Fd,FD,S,14.5,14.2,10.7,0.25,3,2,25,3.13,L
696,3,2,27,C,20,159,400,Fd,FD,.,16.8,12.5,-,0.00,0,3,25,3.13,D
697,3,2,27,C,20,160,401,Fd,FD,I,20.8,17.7,14.3,0.19,2,2,25,3.13,L
698,3,2,27,C,20,161,402,Fd,FD,C,35.9,28.2,15.6,0.45,5,1,25,3.13,L
699,3,2,27,C,20,162,403,Fd,FD,C,31.5,26.2,15.7,0.40,5,1,25,3.13,L
700,3,2,27,C,20,163,404,Fd,FD,C,36.5,27.2,16.4,0.40,4,1,25,3.13,L
701,3,2,27,C,20,164,405,Fd,FD,S,15.3,15.9,12.4,0.22,3,1,25,3.13,L
702,3,2,27,C,20,165,406,Fd,FD,-,12.8,4.3,-,0.00,0,4,25,3.13,D
703,3,2,27,C,20,166,407,Fd,FD,C,34.1,24,17.2,0.28,3,1,25,3.13,L
704,3,2,27,C,20,167,408,Fd,FD,I,25.5,22.6,16.7,0.26,3,1,25,3.13,L
705,3,2,27,C,20,168,409,Fd,FD,I,16.9,19.2,15.9,0.17,2,1,25,3.13,L
706,3,2,27,C,20,169,410,Fd,FD,I,21.5,18.9,10.3,0.46,5,1,25,3.13,L
707,3,2,27,C,20,170,411,Fd,FD,-,57.3,8.5,-,0.00,0,4,25,3.13,D
708,3,2,27,C,20,171,412,Fd,FD,S,15.3,13,8.6,0.34,4,2,25,3.13,L
709,3,2,27,C,20,172,413,Fd,FD,I,17.6,17.6,14.4,0.18,2,2,25,3.13,L
710,3,2,27,C,20,173,414,Fd,FD,C,30.7,26.8,16.2,0.40,4,1,25,3.13,L
711,3,2,27,C,20,174,415,Fd,FD,C,23,22.8,16.2,0.29,3,1,25,3.13,L
712,3,2,27,C,20,175,416,Fd,FD,C,30.6,26.1,18.5,0.29,3,1,25,3.13,L
713,3,2,27,C,20,176,417,Fd,FD,I,19,17.4,12.5,0.28,3,2,25,3.13,L
714,3,2,27,C,20,177,418,Fd,FD,S,13.4,16.7,14.4,0.14,2,2,25,3.13,L
715,3,2,27,C,20,178,419,Fd,FD,I,25.2,20.1,15.7,0.22,3,1,25,3.13,L
716,3,2,27,C,20,179,420,Fd,FD,I,17.1,19.4,15.4,0.21,3,1,25,3.13,L
717,3,2,27,C,20,180,421,Fd,FD,I,20.1,21.1,16.6,0.21,3,1,25,3.13,L
718,3,2,27,C,20,181,422,Fd,FD,C,25.1,23.7,18.5,0.22,3,1,25,3.13,L
719,3,2,27,C,20,182,423,Fd,FD,C,25,23.3,15.7,0.33,4,1,25,3.13,L
720,3,2,27,C,20,183,424,Fd,FD,S,13.9,17.6,16.2,0.08,1,1,25,3.13,L
721,3,2,27,C,20,184,425,Fd,FD,C,22.6,22,16.4,0.25,3,2,25,3.13,L
722,3,2,27,C,20,185,426,Fd,FD,C,29,23.2,16.5,0.29,3,1,25,3.13,L
723,3,2,27,C,20,186,427,Fd,FD,S,10.3,10.9,6.9,0.37,4,1,100,12.50,L
724,3,2,27,C,20,187,428,Fd,FD,S,11.4,12.3,8.7,0.29,3,2,100,12.50,L
725,3,2,27,C,20,188,429,Fd,FD,S,7.9,8.9,6,0.33,4,2,100,12.50,L
726,3,2,27,C,20,189,430,Fd,FD,S,10.7,10.1,7.2,0.29,3,2,100,12.50,L
727,3,2,28,C,23,190,347,Fd,FD,S,13.5,15.3,13,0.15,2,2,25,3.13,L
728,3,2,28,C,23,191,348,Fd,FD,C,33.8,29.8,21.7,0.27,3,2,25,3.13,L
729,3,2,28,C,23,192,349,Fd,FD,S,17.3,17.3,15,0.13,2,1,25,3.13,L
730,3,2,28,C,23,193,350,Fd,FD,C,37.6,31.1,21.3,0.32,4,1,25,3.13,L
731,3,2,28,C,23,194,351,Fd,FD,I,21.7,24,19.5,0.19,2,2,25,3.13,L
732,3,2,28,C,23,195,352,Fd,FD,I,22.6,24.2,19.2,0.21,3,1,25,3.13,L
733,3,2,28,C,23,196,353,Fd,FD,C,34.2,28.8,20.6,0.28,3,1,25,3.13,L
734,3,2,28,C,23,197,354,Fd,FD,C,33.1,27.5,22.4,0.19,2,2,25,3.13,L
735,3,2,28,C,23,198,355,Fd,FD,S,14.7,13.8,8.6,0.38,4,2,25,3.13,L
736,3,2,28,C,23,199,356,Fd,FD,-,70.9,3.6,-,0.00,0,4,25,3.13,D
737,3,2,28,C,23,200,357,Fd,FD,I,20.9,21.1,18.4,0.13,2,2,25,3.13,L
738,3,2,28,C,23,201,358,Fd,FD,I,23.8,19.7,12.7,0.36,4,2,25,3.13,L
739,3,2,28,C,23,202,359,Fd,FD,C,33.7,29.5,22.2,0.25,3,1,25,3.13,L
740,3,2,28,C,23,203,360,Fd,FD,S,18.9,20.2,18.2,0.10,1,1,25,3.13,L
741,3,2,28,C,23,204,361,Fd,FD,I,21.5,25,20.5,0.18,2,2,25,3.13,L
742,3,2,28,C,23,205,362,Fd,FD,I,25,25.1,22,0.12,2,2,25,3.13,L
743,3,2,28,C,23,206,363,Fd,FD,I,18.5,22.6,17.8,0.21,3,1,25,3.13,L
744,3,2,28,C,23,207,364,Fd,FD,I,36.5,24.8,19.2,0.23,3,1,25,3.13,L
745,3,2,28,C,23,208,365,Fd,FD,I,23.4,22.2,18.6,0.16,2,1,25,3.13,L
746,3,2,28,C,23,209,366,Fd,FD,I,17.4,20.1,18,0.10,2,2,25,3.13,L
747,3,2,28,C,23,210,367,Fd,FD,I,20.1,20.6,19.6,0.05,1,2,25,3.13,L
748,3,2,28,C,23,211,368,Fd,FD,I,31.6,26.5,22.5,0.15,2,2,25,3.13,L
749,3,2,28,C,23,212,369,Fd,FD,I,23.2,25.3,21,0.17,2,1,25,3.13,L
750,3,2,28,C,23,213,370,Fd,FD,I,34.4,27.2,20.5,0.25,3,1,25,3.13,L
751,3,2,28,C,23,214,371,Fd,FD,I,27.5,25.8,21.5,0.17,2,1,25,3.13,L
752,3,2,28,C,23,215,372,Fd,FD,S,12.7,13.8,11.1,0.20,2,1,25,3.13,L
753,3,2,28,C,23,216,373,Fd,FD,I,19.6,22.8,19.4,0.15,2,1,25,3.13,L
754,3,2,28,C,23,217,374,Fd,FD,S,17.7,18.7,17.3,0.07,1,1,25,3.13,L
755,3,2,28,C,23,218,375,Fd,FD,I,25.8,24.2,20.6,0.15,2,1,25,3.13,L
756,3,2,28,C,23,219,376,Fd,FD,I,24.1,25.5,21.2,0.17,2,1,25,3.13,L
757,3,2,28,C,23,220,377,Fd,FD,I,29.2,26.7,21.6,0.19,2,1,25,3.13,L
758,3,2,28,C,23,221,378,Fd,FD,I,25.2,20.1,18.9,0.06,1,1,25,3.13,L
759,3,2,28,C,23,222,379,Pl,PL,-,25,18,-,0.00,0,3,25,3.13,D
760,3,2,28,C,23,223,380,Fd,FD,S,12.6,12.6,10.3,0.18,2,2,25,3.13,L
761,3,2,28,C,23,224,381,Fd,FD,S,16.7,14.5,13.3,0.08,1,2,25,3.13,L
762,3,2,28,C,23,225,382,Fd,FD,S,13.9,13.3,11.9,0.11,2,2,25,3.13,L
763,3,2,28,C,23,226,383,Fd,FD,S,16.9,14.7,11.7,0.20,3,1,25,3.13,L
764,3,2,28,C,23,227,384,Fd,FD,S,16.5,16.2,13.9,0.14,2,2,25,3.13,L
765,3,2,28,C,23,228,385,Fd,FD,S,10.7,11.5,10.1,0.12,2,1,100,12.50,L
766,3,2,28,C,23,229,386,Fd,FD,S,10.7,15.1,14.1,0.07,1,2,100,12.50,L
767,3,2,28,C,23,230,1387,Fd,FD,P,4.4,4.4,-,0.40,5,1,400,50.00,L
768,3,2,29,C,24A,231,310,Fd,FD,I,13.3,12.6,8.4,0.33,4,2,25,3.13,L
769,3,2,29,C,24A,232,311,Fd,FD,I,14.6,14.4,10.8,0.25,3,2,25,3.13,L
770,3,2,29,C,24A,233,312,Fd,FD,I,14.5,14.2,10.1,0.29,3,1,25,3.13,L
771,3,2,29,C,24A,234,313,Fd,FD,C,48.3,23,11.7,0.49,5,1,25,3.13,L
772,3,2,29,C,24A,235,314,Fd,FD,C,45.8,24.8,18.9,0.24,3,2,25,3.13,L
773,3,2,29,C,24A,236,315,Fd,FD,I,14.5,12,8.8,0.27,3,1,25,3.13,L
774,3,2,29,C,24A,237,316,Fd,FD,S,13,11.8,9,0.24,3,2,25,3.13,L
775,3,2,29,C,24A,238,317,Fd,FD,I,27.8,14.6,10,0.32,4,2,25,3.13,L
776,3,2,29,C,24A,239,318,Fd,FD,I,36.6,22.2,11.4,0.49,5,2,25,3.13,L
777,3,2,29,C,24A,240,319,Fd,FD,C,38.9,23.4,13.4,0.43,5,2,25,3.13,L
778,3,2,29,C,24A,241,320,Fd,FD,I,19.8,18.4,11.1,0.40,4,1,25,3.13,L
779,3,2,29,C,24A,242,321,Fd,FD,-,45.4,2.1,-,0.00,0,4,25,3.13,D
780,3,2,29,C,24A,243,322,Fd,FD,C,44.2,18.2,12.1,0.34,4,2,25,3.13,L
781,3,2,29,C,24A,244,323,Fd,FD,I,14.2,12.9,9.1,0.29,3,1,25,3.13,L
782,3,2,29,C,24A,245,324,Fd,FD,C,34.4,24.9,16.4,0.34,4,1,25,3.13,L
783,3,2,29,C,24A,246,325,Fd,FD,C,46.1,26.9,19.7,0.27,3,2,25,3.13,L
784,3,2,29,C,24A,247,326,Fd,FD,S,15,11.3,7.8,0.31,4,2,25,3.13,L
785,3,2,29,C,24A,248,327,Fd,FD,I,20.6,19.1,15.3,0.20,2,1,25,3.13,L
786,3,2,29,C,24A,249,328,Fd,FD,I,22.8,20.7,14.4,0.30,4,1,25,3.13,L
787,3,2,29,C,24A,250,329,Fd,FD,S,13,12.4,8,0.35,4,2,25,3.13,L
788,3,2,29,C,24A,251,330,Fd,FD,I,21.7,21.7,15.1,0.30,4,1,25,3.13,L
789,3,2,29,C,24A,252,331,Fd,FD,I,22.5,21.4,15.3,0.29,3,1,25,3.13,L
790,3,2,29,C,24A,253,332,Fd,FD,I,26.5,20.5,12.5,0.39,4,2,25,3.13,L
791,3,2,29,C,24A,254,333,Fd,FD,I,14.4,15.9,11.5,0.28,3,1,25,3.13,L
792,3,2,29,C,24A,255,334,Fd,FD,C,25.4,20,12.3,0.39,4,1,25,3.13,L
793,3,2,29,C,24A,256,335,Fd,FD,I,15.4,18.9,14.3,0.24,3,1,25,3.13,L
794,3,2,29,C,24A,257,336,Fd,FD,I,17.1,16.3,13.4,0.18,2,1,25,3.13,L
795,3,2,29,C,24A,258,337,Fd,FD,I,18.4,18.6,11,0.41,5,2,25,3.13,L
796,3,2,29,C,24A,259,338,Fd,FD,S,10.2,10.9,8.7,0.20,3,2,100,12.50,L
797,3,2,29,C,24A,260,339,Fd,FD,S,9.5,9.8,7.5,0.23,3,2,100,12.50,L
798,3,2,29,C,24A,261,340,Fd,FD,S,11.4,10.8,8.7,0.19,2,2,100,12.50,L
799,3,2,29,C,24A,262,341,Fd,FD,S,8.5,9,7.3,0.19,2,2,100,12.50,L
800,3,2,29,C,24A,263,342,Fd,FD,S,8.4,8.9,7.4,0.17,2,2,100,12.50,L
801,3,2,29,C,24A,264,343,Fd,FD,S,11.5,12.9,10.3,0.20,3,2,100,12.50,L
802,3,2,29,C,24A,265,344,Fd,FD,S,12.1,14.5,11.6,0.20,3,1,100,12.50,L
803,3,2,29,C,24A,266,345,Fd,FD,S,11.3,13.7,10.3,0.25,3,1,100,12.50,L
804,3,2,29,C,24A,267,346,Fd,FD,S,11.7,13.1,12.4,0.05,1,2,100,12.50,L
805,3,2,29,C,24A,268,1347,Fd,FD,P,4.4,4.4,-,0.40,5,1,400,50.00,L
806,4,2,30,T,13,1,88,Fd,FD,C,35,22.1,12.8,0.42,5,2,25,1.79,L
807,4,2,30,T,13,2,89,Fd,FD,C,26.1,22.3,15.8,0.29,3,2,25,1.79,L
808,4,2,30,T,13,3,90,Fd,FD,C,25.8,21.2,15.2,0.28,3,1,25,1.79,L
809,4,2,30,T,13,4,91,Fd,FD,C,21.5,19,13.7,0.28,3,1,25,1.79,L
810,4,2,30,T,13,5,92,Fd,FD,C,29.2,21.6,15.7,0.27,3,1,25,1.79,L
811,4,2,30,T,13,6,93,Fd,FD,I,19.8,18.3,13.5,0.26,3,2,25,1.79,L
812,4,2,30,T,13,7,94,Fd,FD,I,21.5,19.9,15,0.25,3,1,25,1.79,L
813,4,2,30,T,13,8,95,Fd,FD,I,16.9,18.1,15.1,0.17,2,1,25,1.79,L
814,4,2,30,T,13,9,96,Fd,FD,C,28,20.8,15.6,0.25,3,1,25,1.79,L
815,4,2,30,T,13,10,97,Fd,FD,C,26.9,21.4,15.3,0.29,3,1,25,1.79,L
816,4,2,30,T,13,11,98,Fd,FD,C,29.4,22,15.7,0.29,3,1,25,1.79,L
817,4,2,30,T,13,12,99,Fd,FD,I,20.7,19.6,13.7,0.30,4,1,25,1.79,L
818,4,2,30,T,13,13,100,Fd,FD,I,22.5,17.3,13.5,0.22,3,2,25,1.79,L
819,4,2,30,T,13,14,101,Fd,FD,C,43.5,22.7,17.3,0.24,3,2,25,1.79,L
820,4,2,30,T,13,15,102,Fd,FD,C,39.8,24.1,16.2,0.33,4,1,25,1.79,L
821,4,2,30,T,13,16,103,Fd,FD,C,46.7,24.4,15.3,0.37,4,2,25,1.79,L
822,4,2,30,T,13,17,104,Fd,FD,C,28.7,22.9,14.7,0.36,4,1,25,1.79,L
823,4,2,30,T,13,18,105,Fd,FD,C,25.2,21.5,15.5,0.28,3,1,25,1.79,L
824,4,2,30,T,13,19,106,Fd,FD,I,20.1,19.3,16.2,0.16,2,2,25,1.79,L
825,4,2,30,T,13,20,107,Fd,FD,C,31.4,21.1,16,0.24,3,1,25,1.79,L
826,4,2,30,T,13,21,108,Fd,FD,C,25.3,22.5,15.2,0.32,4,1,25,1.79,L
827,4,2,30,T,13,22,109,Fd,FD,S,11.2,11.5,10.7,0.07,1,2,100,7.14,L
828,4,2,31,T,14,23,110,Fd,FD,C,25.7,20,13.8,0.31,4,1,25,1.79,L
829,4,2,31,T,14,24,111,Fd,FD,C,23.7,21.8,15.3,0.30,3,1,25,1.79,L
830,4,2,31,T,14,25,112,Fd,FD,I,22.3,19.1,11.7,0.39,4,1,25,1.79,L
831,4,2,31,T,14,26,113,Fd,FD,.,15.4,4.3,-,0.00,0,4,25,1.79,D
832,4,2,31,T,14,27,114,Fd,FD,I,14.7,15.3,10,0.35,4,1,25,1.79,L
833,4,2,31,T,14,28,115,Fd,FD,I,16.6,17.3,12.8,0.26,3,1,25,1.79,L
834,4,2,31,T,14,29,116,Fd,FD,C,21.4,21.1,15.6,0.26,3,1,25,1.79,L
835,4,2,31,T,14,30,117,Fd,FD,I,20.8,18.6,13.5,0.27,3,1,25,1.79,L
836,4,2,31,T,14,31,118,Fd,FD,I,27.4,19.1,13.5,0.29,3,1,25,1.79,L
837,4,2,31,T,14,32,119,Fd,FD,I,16.9,17.2,12.7,0.26,3,1,25,1.79,L
838,4,2,31,T,14,33,120,Fd,FD,I,17.5,20.2,15.6,0.23,3,2,25,1.79,L
839,4,2,31,T,14,34,121,Fd,FD,C,28.3,23,12.2,0.47,5,1,25,1.79,L
840,4,2,31,T,14,35,122,Fd,FD,C,29.3,22.4,15.4,0.31,4,1,25,1.79,L
841,4,2,31,T,14,36,123,Fd,FD,C,20,19.2,14.5,0.24,3,2,25,1.79,L
842,4,2,31,T,14,37,124,Fd,FD,I,16.2,16.9,11.4,0.33,4,2,25,1.79,L
843,4,2,31,T,14,38,125,Fd,FD,I,14.9,14.5,8.8,0.39,4,1,25,1.79,L
844,4,2,31,T,14,39,126,Fd,FD,I,25.4,17.5,11.7,0.33,4,2,25,1.79,L
845,4,2,31,T,14,40,127,Fd,FD,C,32.1,22,12.6,0.43,5,1,25,1.79,L
846,4,2,31,T,14,41,128,Fd,FD,I,23.2,17.5,1.7,0.90,9,2,25,1.79,L
847,4,2,31,T,14,42,129,Fd,FD,S,13.2,14.8,9.8,0.34,4,1,25,1.79,L
848,4,2,31,T,14,43,130,Fd,FD,I,16.4,16.5,12.4,0.25,3,1,25,1.79,L
849,4,2,31,T,14,44,131,Fd,FD,S,12.6,13.6,10.1,0.26,3,2,25,1.79,L
850,4,2,31,T,14,45,132,Fd,FD,C,23,17.4,12.2,0.30,3,1,25,1.79,L
851,4,2,31,T,14,46,133,Fd,FD,.,32.8,1.63,-,0.00,0,4,25,1.79,D
852,4,2,31,T,14,47,134,Fd,FD,C,41.4,22.6,16.2,0.28,3,1,25,1.79,L
853,4,2,31,T,14,48,135,Fd,FD,I,18.5,17,13,0.24,3,2,25,1.79,L
854,4,2,31,T,14,49,136,Fd,FD,S,14.6,14.8,12.1,0.18,2,2,25,1.79,L
855,4,2,31,T,14,50,137,Fd,FD,I,18.9,18.8,13.1,0.30,4,2,25,1.79,L
856,4,2,31,T,14,51,138,Fd,FD,I,29.9,19.1,13.6,0.29,3,2,25,1.79,L
857,4,2,31,T,14,52,139,Fd,FD,C,23.3,20.2,13.9,0.31,4,1,25,1.79,L
858,4,2,31,T,14,53,140,Fd,FD,C,26.3,20.6,14.4,0.30,4,1,25,1.79,L
859,4,2,31,T,14,54,141,Fd,FD,S,11.9,9.5,5.7,0.40,5,1,100,7.14,L
860,4,2,31,T,14,55,142,Fd,FD,S,10.6,9.2,7,0.24,3,2,100,7.14,L
861,4,2,31,T,14,56,143,Fd,FD,S,10.8,11.5,7.4,0.36,4,2,100,7.14,L
862,4,2,31,T,14,57,144,Fd,FD,S,8.2,8.2,5.8,0.29,3,2,100,7.14,L
863,4,2,31,T,14,58,145,Fd,FD,S,9.5,8.5,7.5,0.12,2,1,100,7.14,L
864,4,2,31,T,14,59,146,Fd,FD,S,8.5,10.6,8,0.25,3,1,100,7.14,L
865,4,2,31,T,14,60,1147,Fd,FD,P,4.4,4.4,-,0.40,5,1,800,57.14,L
866,4,2,32,T,15,61,479,Fd,FD,I,25.3,20.3,14.7,0.28,3,2,25,1.79,L
867,4,2,32,T,15,62,480,Fd,FD,C,29.6,23.2,14.3,0.38,4,1,25,1.79,L
868,4,2,32,T,15,63,481,Fd,FD,I,13.6,14.5,12,0.17,2,1,25,1.79,L
869,4,2,32,T,15,64,482,Fd,FD,I,17.5,18.6,13.2,0.29,3,1,25,1.79,L
870,4,2,32,T,15,65,483,Fd,FD,I,21.7,19.3,13.8,0.28,3,1,25,1.79,L
871,4,2,32,T,15,66,484,Fd,FD,I,17,17.8,14.1,0.21,3,1,25,1.79,L
872,4,2,32,T,15,67,485,Fd,FD,I,13.3,15.3,12.9,0.16,2,1,25,1.79,L
873,4,2,32,T,15,68,486,Fd,FD,C,27.3,22.2,12.5,0.44,5,1,25,1.79,L
874,4,2,32,T,15,69,487,Fd,FD,I,17.5,17.9,13.4,0.25,3,1,25,1.79,L
875,4,2,32,T,15,70,488,Fd,FD,I,17.5,17.4,13,0.25,3,1,25,1.79,L
876,4,2,32,T,15,71,489,Fd,FD,I,14.7,16.7,12.9,0.23,3,1,25,1.79,L
877,4,2,32,T,15,72,490,Fd,FD,I,13.9,18,13.9,0.23,3,1,25,1.79,L
878,4,2,32,T,15,73,491,Fd,FD,I,15.1,16.2,12.6,0.22,3,1,25,1.79,L
879,4,2,32,T,15,74,492,Fd,FD,I,20.6,20,14.8,0.26,3,1,25,1.79,L
880,4,2,32,T,15,75,493,Fd,FD,S,13.9,12.4,9.6,0.23,3,1,25,1.79,L
881,4,2,32,T,15,76,494,Fd,FD,C,25.4,22,14.4,0.35,4,1,25,1.79,L
882,4,2,32,T,15,77,495,Fd,FD,I,12.9,16,13.4,0.16,2,1,25,1.79,L
883,4,2,32,T,15,78,496,Fd,FD,I,17.5,19.8,16.2,0.18,2,2,25,1.79,L
884,4,2,32,T,15,79,497,Fd,FD,-,90,36.9,-,0.00,0,3,25,1.79,D
885,4,2,32,T,15,80,498,Fd,FD,D,51.6,31.9,17.8,0.44,5,1,25,1.79,L
886,4,2,32,T,15,81,499,Fd,FD,I,24.1,17.5,14.7,0.16,2,2,25,1.79,L
887,4,2,32,T,15,82,500,Fd,FD,C,29.2,26.2,19.6,0.25,3,1,25,1.79,L
888,4,2,32,T,15,83,501,Fd,FD,S,15,15.7,13.1,0.17,2,1,25,1.79,L
889,4,2,32,T,15,84,502,Fd,FD,C,24.4,24,16.7,0.30,4,1,25,1.79,L
890,4,2,32,T,15,85,503,Fd,FD,S,15.3,16.2,12.2,0.25,3,1,25,1.79,L
891,4,2,32,T,15,86,504,Fd,FD,C,34.4,27.8,17.6,0.37,4,1,25,1.79,L
892,4,2,32,T,15,87,505,Fd,FD,I,13.1,14,10.9,0.22,3,2,25,1.79,L
893,4,2,32,T,15,88,506,Fd,FD,C,29.3,23.5,13.8,0.41,5,1,25,1.79,L
894,4,2,32,T,15,89,507,Fd,FD,-,13.4,8.5,-,0.00,0,3,25,1.79,D
895,4,2,32,T,15,90,508,Fd,FD,I,20.7,20.2,15.5,0.23,3,1,25,1.79,L
896,4,2,32,T,15,91,509,Fd,FD,S,9,9.8,7.3,0.26,3,2,100,7.14,L
897,4,2,32,T,15,92,510,Fd,FD,S,8.6,8.4,6.1,0.27,3,2,100,7.14,L
898,4,2,32,T,15,93,1511,Fd,FD,P,4.4,4.4,-,0.40,5,1,1000,71.43,L
899,4,2,33,T,17,94,1,Fd,FD,C,26.9,20.5,11.3,0.45,5,2,25,1.79,L
900,4,2,33,T,17,95,2,Fd,FD,C,28.0,24.1,15.6,0.35,4,2,25,1.79,L
901,4,2,33,T,17,96,3,Fd,FD,S,15.3,14.1,13,0.08,1,2,25,1.79,L
902,4,2,33,T,17,97,4,Fd,FD,C,27.6,23.7,8.5,0.64,7,2,25,1.79,L
903,4,2,33,T,17,98,5,Fd,FD,I,20.0,17.4,9.3,0.47,5,1,25,1.79,L
904,4,2,33,T,17,99,6,Fd,FD,I,23.7,21.1,16.4,0.22,3,2,25,1.79,L
905,4,2,33,T,17,100,7,Fd,FD,I,24.6,21.6,13.4,0.38,4,2,25,1.79,L
906,4,2,33,T,17,101,8,Fd,FD,I,13.4,10.6,5.4,0.49,5,2,25,1.79,L
907,4,2,33,T,17,102,9,Fd,FD,I,15.5,13.4,7.8,0.42,5,2,25,1.79,L
908,4,2,33,T,17,103,10,Fd,FD,I,14.3,13.5,7.8,0.42,5,1,25,1.79,L
909,4,2,33,T,17,104,11,Fd,FD,S,13.7,11.4,3.9,0.66,7,1,25,1.79,L
910,4,2,33,T,17,105,12,Fd,FD,-,12.6,1.4,-,0.00,0,4,25,1.79,D
911,4,2,33,T,17,106,13,Fd,FD,-,14.4,4.6,-,0.00,0,4,25,1.79,D
912,4,2,34,T,20,107,172,Fd,FD,C,31.4,22,12.1,0.45,5,1,25,1.79,L
913,4,2,34,T,20,108,173,Fd,FD,C,45.1,30.5,19,0.38,4,1,25,1.79,L
914,4,2,34,T,20,109,174,Fd ,FD,S,23.2,17.5,14.7,0.16,2,1,25,1.79,L
915,4,2,34,T,20,110,175,Fd,FD,C ,37.6,26.7,16.7,0.37,4,1,25,1.79,L
916,4,2,34,T,20,111,176,Fd,FD,C,35.6,30.7,20.5,0.33,4,2,25,1.79,L
917,4,2,34,T,20,112,177,Fd,FD,-,19,8.7,-,0.00,0,3,25,1.79,D
918,4,2,34,T,20,113,178,Fd,FD,S,12.7,13.1,7.3,0.44,5,2,25,1.79,L
919,4,2,34,T,20,114,179,Fd,FD,C,43.4,30.5,21.7,0.29,3,1,25,1.79,L
920,4,2,34,T,20,115,180,Fd,FD,C,54.8,30.3,20,0.34,4,1,25,1.79,L
921,4,2,34,T,20,116,181,Fd,FD,I,32.3,24.8,18.4,0.26,3,1,25,1.79,L
922,4,2,34,T,20,117,182,Fd,FD,S,19.1,14.2,7.7,0.46,5,2,25,1.79,L
923,4,2,34,T,20,118,183,Fd,FD,C,38.8,26,19,0.27,3,2,25,1.79,L
924,4,2,34,T,20,119,184,Fd,FD,C,29.6,27.9,19.5,0.30,4,1,25,1.79,L
925,4,2,34,T,20,120,185,Fd,FD,C,36.9,27.8,18.1,0.35,4,2,25,1.79,L
926,4,2,34,T,20,121,1186,Fd ,FD,P,4.4,4.4,-,0.40,5,1,400,28.57,L
927,4,2,34,T,20,122,1187,Fd ,FD,R,0.5,0.7,-,0.99,9,1,1200,85.71,L
928,4,2,35,T,21,123,186,Fd,FD,C,27.5,26,18.4,0.29,3,1,25,1.79,L
929,4,2,35,T,21,124,187,Fd,FD,C,33.7,25.9,18.1,0.30,4,1,25,1.79,L
930,4,2,35,T,21,125,188,Fd,FD,I,30,21.9,10.5,0.52,6,1,25,1.79,L
931,4,2,35,T,21,126,189,Fd,FD,I,15.9,16.5,11.8,0.28,3,2,25,1.79,L
932,4,2,35,T,21,127,190,Fd,FD,D,62.2,34,15.5,0.54,6,2,25,1.79,L
933,4,2,35,T,21,128,191,Fd,FD,I,22.9,20.4,13.6,0.33,4,2,25,1.79,L
934,4,2,35,T,21,129,192,Fd,FD,I,27.7,25.1,18.4,0.27,3,1,25,1.79,L
935,4,2,35,T,21,130,193,Fd,FD,C,29.4,24.9,17.3,0.31,4,1,25,1.79,L
936,4,2,35,T,21,131,194,Fd,FD,I,19.4,19.2,13.4,0.30,4,1,25,1.79,L
937,4,2,35,T,21,132,195,Fd,FD,C,27.1,23.2,15.5,0.33,4,1,25,1.79,L
938,4,2,35,T,21,133,196,Fd,FD,S,13.8,14.2,10.6,0.25,3,2,25,1.79,L
939,4,2,35,T,21,134,197,Fd,FD,C,42.6,31,18.2,0.41,5,2,25,1.79,L
940,4,2,35,T,21,135,198,Fd,FD,C,37.1,20.5,17.1,0.17,2,2,25,1.79,L
941,4,2,36,T,24,136,147,Fd,FD,S,14.2,13.5,11.7,0.13,2,1,25,1.79,L
942,4,2,36,T,24,137,148,Fd ,FD,C,35.1,26.3,15.2,0.42,5,2,25,1.79,L
943,4,2,36,T,24,138,149,Fd ,FD,I,18.1,19.4,15.5,0.20,3,2,25,1.79,L
944,4,2,36,T,24,139,150,Fd ,FD,C,37.1,25.5,15,0.41,5,1,25,1.79,L
945,4,2,36,T,24,140,151,Fd ,FD,-,15.6,17.8,-,0.00,0,3,25,1.79,D
946,4,2,36,T,24,141,152,Fd ,FD,C,36.9,23.7,16.9,0.29,3,1,25,1.79,L
947,4,2,36,T,24,142,153,Fd ,FD,-,18.8,9,-,0.00,0,3,25,1.79,D
948,4,2,36,T,24,143,154,Fd ,FD,S,16,14.1,11.6,0.18,2,2,25,1.79,L
949,4,2,36,T,24,144,155,Fd ,FD,I,20.2,15.3,8.3,0.46,5,1,25,1.79,L
950,4,2,36,T,24,145,156,Fd ,FD,I,19.6,15.1,10.1,0.33,4,2,25,1.79,L
951,4,2,36,T,24,146,157,Fd ,FD,C,33.2,23.5,17.7,0.25,3,2,25,1.79,L
952,4,2,36,T,24,147,158,Fd ,FD,C,43.5,28.2,18,0.36,4,1,25,1.79,L
953,4,2,36,T,24,148,159,Fd ,FD,C,41,29.5,17.4,0.41,5,2,25,1.79,L
954,4,2,36,T,24,149,160,Fd ,FD,I,12.9,10.2,5.8,0.43,5,2,25,1.79,L
955,4,2,36,T,24,150,161,Fd ,FD,C,30.8,25.5,19.5,0.24,3,2,25,1.79,L
956,4,2,36,T,24,151,162,Fd ,FD,I,19.1,18.6,13.5,0.27,3,2,25,1.79,L
957,4,2,36,T,24,152,163,Fd ,FD,I,20.9,19.5,15,0.23,3,2,25,1.79,L
958,4,2,36,T,24,153,164,Fd ,FD,C,29.4,23,16.8,0.27,3,1,25,1.79,L
959,4,2,36,T,24,154,165,Fd ,FD,I,21.5,19,15.6,0.18,2,1,25,1.79,L
960,4,2,36,T,24,155,166,Fd ,FD,I,21.4,21.5,17.6,0.18,2,2,25,1.79,L
961,4,2,36,T,24,156,167,Fd ,FD,C,30.9,23.8,17.5,0.26,3,2,25,1.79,L
962,4,2,36,T,24,157,168,Fd ,FD,I,17,17.3,15.4,0.11,2,2,25,1.79,L
963,4,2,36,T,24,158,169,Fd ,FD,-,8.3,8.7,-,0.00,0,3,100,7.14,D
964,4,2,36,T,24,159,170,Fd ,FD,S,9.9,12.7,9.1,0.28,3,2,100,7.14,L
965,4,2,36,T,24,160,171,Fd ,FD,S,12.4,12.7,10.6,0.17,2,2,100,7.14,L
966,4,2,36,T,24,161,1172,Fd,FD,P,4.4,4.4,-,0.40,5,1,200,14.29,L
967,4,2,36,T,24,162,1173,Fd,FD,R,0.5,0.7,-,0.99,9,1,2000,142.86,L
968,4,2,37,T,25,163,511,Fd,FD,D,56.3,31,22.7,0.27,3,2,25,1.79,L
969,4,2,37,T,25,164,512,Fd,FD,C,27.3,23.9,16.2,0.32,4,2,25,1.79,L
970,4,2,37,T,25,165,513,Fd,FD,I,15.6,15.6,11.5,0.26,3,2,25,1.79,L
971,4,2,37,T,25,166,514,Fd,FD,C,30.4,26.5,19,0.28,3,2,25,1.79,L
972,4,2,37,T,25,167,515,Fd,FD,I,13.4,14.6,12.9,0.12,2,2,25,1.79,L
973,4,2,37,T,25,168,516,Fd,FD,I,16,19,14.2,0.25,3,2,25,1.79,L
974,4,2,37,T,25,169,517,Fd,FD,I,28.6,22.4,13.8,0.38,4,1,25,1.79,L
975,4,2,37,T,25,170,518,Fd,FD,D,47.5,30.1,19.6,0.35,4,1,25,1.79,L
976,4,2,37,T,25,171,519,Fd,FD,S,14.2,12.3,9.7,0.21,3,1,25,1.79,L
977,4,2,37,T,25,172,520,Fd,FD,I,34.2,24.8,16,0.35,4,2,25,1.79,L
978,4,2,37,T,25,173,521,Fd,FD,C,35.8,26.7,19.2,0.28,3,1,25,1.79,L
979,4,2,37,T,25,174,522,Fd,FD,I,19.3,19,14.1,0.26,3,1,25,1.79,L
980,4,2,37,T,25,175,523,Fd,FD,I,13.5,15.8,10,0.37,4,1,25,1.79,L
981,4,2,37,T,25,176,524,Fd,FD,D,75.6,34,24.1,0.29,3,2,25,1.79,L
982,4,2,37,T,25,177,525,Fd,FD,I,19.4,19.9,15.7,0.21,3,1,25,1.79,L
983,4,2,37,T,25,178,526,Fd,FD,I,20.5,23.7,17.7,0.25,3,2,25,1.79,L
984,4,2,37,T,25,179,527,Fd,FD,I,42.9,24.8,17.5,0.29,3,1,25,1.79,L
985,4,2,37,T,25,180,528,Fd,FD,S,8,8.8,7.8,0.11,2,1,100,7.14,L
986,4,2,37,T,25,181,529,Fd,FD,S,8.5,9,6.7,0.26,3,2,100,7.14,L
987,4,2,37,T,25,182,1530,Fd,FD,P,4.4,4.4,-,0.40,5,1,400,28.57,L
988,4,2,38,T,27,183,1076,Sx,SE,R,0.5,0.7,-,0.99,9,1,200,14.29,L
989,4,2,39,T,28,184,41,Fd,FD,C,35.6,26.6,18.6,0.30,4,2,25,1.79,L
990,4,2,39,T,28,185,42,Fd,FD,C,32.3,23.6,15.8,0.33,4,1,25,1.79,L
991,4,2,39,T,28,186,43,Fd,FD,C,39.3,23.8,18.4,0.23,3,1,25,1.79,L
992,4,2,39,T,28,187,44,Fd,FD,C,30.3,24.2,20.0,0.17,2,2,25,1.79,L
993,4,2,39,T,28,188,45,Fd,FD,C,31.9,23.3,14.1,0.39,4,1,25,1.79,L
994,4,2,39,T,28,189,46,Fd,FD,C,33,23.1,17.9,0.23,3,2,25,1.79,L
995,4,2,39,T,28,190,47,Fd,FD,C,40.1,25.6,14.1,0.45,5,1,25,1.79,L
996,4,2,39,T,28,191,48,Fd,FD,C,33.6,24.7,17.8,0.28,3,1,25,1.79,L
997,4,2,39,T,28,192,49,Fd,FD,C,44.9,27.2,17.5,0.36,4,1,25,1.79,L
998,4,2,39,T,28,193,50,Fd,FD,I,31.3,24.2,18.6,0.23,3,1,25,1.79,L
999,4,2,39,T,28,194,51,Fd,FD,C,30.6,26.2,15.9,0.39,4,1,25,1.79,L
1000,4,2,39,T,28,195,52,Fd,FD,C,37.3,31.9,19.4,0.39,4,1,25,1.79,L
1001,4,2,39,T,28,196,53,Fd,FD,I,24.5,24.3,18.1,0.26,3,1,25,1.79,L
1002,4,2,39,T,28,197,54,Fd,FD,C,26.8,26.3,17.7,0.33,4,2,25,1.79,L
1003,4,2,40,T,22A,198,199,Fd,FD,S,12.6,9.9,8.1,0.18,2,2,25,1.79,L
1004,4,2,40,T,22A,199,200,Fd,FD,I,17.3,13.2,8.8,0.33,4,2,25,1.79,L
1005,4,2,40,T,22A,200,201,Fd,FD,I,25.2,20.7,13.6,0.34,4,1,25,1.79,L
1006,4,2,40,T,22A,201,202,Fd,FD,D,56.7,32.7,18,0.45,5,2,25,1.79,L
1007,4,2,40,T,22A,202,203,Fd,FD,C,71,24,17.3,0.28,3,1,25,1.79,L
1008,4,2,40,T,22A,203,204,Fd,FD,S,14.6,14,10.1,0.28,3,1,25,1.79,L
1009,4,2,40,T,22A,204,205,Fd,FD,I,28.9,23,15.6,0.32,4,1,25,1.79,L
1010,4,2,40,T,22A,205,206,Fd,FD,I,21,19.3,14,0.27,3,1,25,1.79,L
1011,4,2,40,T,22A,206,207,Fd,FD,S,12.9,13.1,10.1,0.23,3,1,25,1.79,L
1012,4,2,40,T,22A,207,208,Fd,FD,I,20.5,21.4,14.4,0.33,4,1,25,1.79,L
1013,4,2,40,T,22A,208,209,Fd,FD,I,24.3,22.8,14.8,0.35,4,2,25,1.79,L
1014,4,2,40,T,22A,209,210,Fd,FD,I,18.1,15.5,11.4,0.26,3,2,25,1.79,L
1015,4,2,40,T,22A,210,211,Fd,FD,C,28.6,23.1,15,0.35,4,1,25,1.79,L
1016,4,2,40,T,22A,211,212,Fd,FD,I,21.1,21,17.2,0.18,2,2,25,1.79,L
1017,4,2,40,T,22A,212,213,Fd,FD,I,27.9,23.4,15.9,0.32,4,1,25,1.79,L
1018,4,2,40,T,22A,213,214,Fd,FD,I,19.4,20.5,15.2,0.26,3,1,25,1.79,L
1019,4,2,40,T,22A,214,215,Fd,FD,S,8.6,6.1,4,0.34,4,2,100,7.14,L
1020,4,2,40,T,22A,215,216,Fd,FD,S,10.1,10.8,5.5,0.49,5,1,100,7.14,L
1021,4,2,40,T,22A,216,217,Fd,FD,S,10.9,9.9,6.8,0.31,4,1,100,7.14,L
1022,4,2,40,T,22A,217,218,Fd,FD,S,8.3,9.1,6.4,0.30,3,1,100,7.14,L
1023,4,2,40,T,22A,218,219,Fd,FD,S,11.2,11.7,6.9,0.41,5,1,100,7.14,L
1024,4,2,40,T,22A,219,220,Fd,FD,S,9.8,10.1,7.6,0.25,3,2,100,7.14,L
1025,4,2,40,T,22A,220,1221,Fd,FD,P,4.4,4.4,-,0.40,5,1,400,28.57,L
1026,4,2,41,T,23A,221,530,Fd,FD,-,52.8,31.9,-,0.00,0,3,25,1.79,D
1027,4,2,41,T,23A,222,531,Fd,FD,D,56.3,30,17.6,0.41,5,1,25,1.79,L
1028,4,2,41,T,23A,223,532,Fd,FD,I,23.1,17.7,14.1,0.20,3,2,25,1.79,L
1029,4,2,41,T,23A,224,533,Fd,FD,D,58.9,33.8,19.4,0.43,5,2,25,1.79,L
1030,4,2,41,T,23A,225,534,Fd,FD,S,13.2,11.5,7.8,0.32,4,1,25,1.79,L
1031,4,2,41,T,23A,226,535,Fd,FD,I,15.4,16.1,11,0.32,4,1,25,1.79,L
1032,4,2,41,T,23A,227,536,Fd,FD,I,15.3,15.1,9.6,0.36,4,1,25,1.79,L
1033,4,2,41,T,23A,228,537,Fd,FD,-,49.2,30.3,-,0.00,0,3,25,1.79,D
1034,4,2,41,T,23A,229,538,Fd,FD,I,21.3,20.1,13.2,0.34,4,1,25,1.79,L
1035,4,2,41,T,23A,230,539,Fd,FD,I,16.3,14.6,10.8,0.26,3,2,25,1.79,L
1036,4,2,41,T,23A,231,540,Fd,FD,I,14.6,13.9,9.7,0.30,4,1,25,1.79,L
1037,4,2,41,T,23A,232,541,Fd,FD,I,16.2,14.1,8.7,0.38,4,1,25,1.79,L
1038,4,2,41,T,23A,233,542,Fd,FD,C,34.4,24.3,15.5,0.36,4,1,25,1.79,L
1039,4,2,41,T,23A,234,543,Fd,FD,C,40.9,27.3,20.1,0.26,3,2,25,1.79,L
1040,4,2,41,T,23A,235,544,Fd,FD,S,13.5,11.4,9.7,0.15,2,2,25,1.79,L
1041,4,2,41,T,23A,236,545,Fd,FD,C,44.6,28.2,19.8,0.30,3,1,25,1.79,L
1042,4,2,41,T,23A,237,546,Fd,FD,C,34.2,27.9,16.9,0.39,4,1,25,1.79,L
1043,4,2,41,T,23A,238,547,Fd,FD,C,46,28.7,20.4,0.29,3,1,25,1.79,L
1044,4,2,41,T,23A,239,548,Fd,FD,I,15.5,15.4,11.5,0.25,3,2,25,1.79,L
1045,4,2,41,T,23A,240,549,Fd,FD,-,38,8.6,-,0.00,0,4,25,1.79,D
1046,4,2,41,T,23A,241,550,Fd,FD,-,57.2,29.7,-,0.00,0,3,25,1.79,D
1047,4,2,41,T,23A,242,551,Fd,FD,S,9.7,10.7,7.4,0.31,4,1,100,7.14,L
1048,4,2,41,T,23A,243,552,Fd,FD,S,8.3,8.6,6.2,0.28,3,1,100,7.14,L
1049,4,2,41,T,23A,244,553,Fd,FD,S,10.2,11.6,9.4,0.19,2,2,100,7.14,L
1050,4,2,41,T,23A,245,554,Fd,FD,I,10.7,10.8,7.1,0.34,4,1,100,7.14,L
1051,4,2,41,T,23A,246,555,Fd,FD,S,8.2,8.5,5.9,0.31,4,2,100,7.14,L
1052,4,2,41,T,23A,247,1556,Fd,FD,P,4.4,4.4,-,0.40,5,1,1800,128.57,L
1053,4,2,41,T,23A,248,1557,Fd,FD,R,0.5,0.7,-,0.99,9,1,200,14.29,L
1054,4,2,42,T,23B,249,14,Fd,FD,I,16.1,16.2,8.4,0.48,5,1,25,1.79,L
1055,4,2,42,T,23B,250,15,Fd,FD,I,15.0,15,10.9,0.27,3,1,25,1.79,L
1056,4,2,42,T,23B,251,16,Fd,FD,I,10.6,15.8,12.7,0.20,2,2,25,1.79,L
1057,4,2,42,T,23B,252,17,Fd,FD,S,12.7,15.6,11.6,0.26,3,1,25,1.79,L
1058,4,2,42,T,23B,253,18,Fd,FD,I,17.5,17.5,11.3,0.35,4,1,25,1.79,L
1059,4,2,42,T,23B,254,19,Fd,FD,I,18.5,18.3,11.8,0.36,4,1,25,1.79,L
1060,4,2,42,T,23B,255,20,Fd,FD,C,23.3,21.9,12.8,0.42,5,1,25,1.79,L
1061,4,2,42,T,23B,256,21,Fd,FD,C,24.9,21.5,11.8,0.45,5,1,25,1.79,L
1062,4,2,42,T,23B,257,22,Fd,FD,I,16.1,16.5,5.9,0.64,7,1,25,1.79,L
1063,4,2,42,T,23B,258,23,Fd,FD,I,17.0,16.4,9.7,0.41,5,1,25,1.79,L
1064,4,2,42,T,23B,259,24,Fd,FD,I,24.2,20.7,11.9,0.43,5,1,25,1.79,L
1065,4,2,42,T,23B,260,25,Fd,FD,C,34.3,23.3,12.4,0.47,5,1,25,1.79,L
1066,4,2,42,T,23B,261,26,Fd,FD,C,37.6,29.4,18.3,0.38,4,2,25,1.79,L
1067,4,2,42,T,23B,262,27,Fd,FD,I,22.5,21.1,14.9,0.29,3,1,25,1.79,L
1068,4,2,42,T,23B,263,28,Fd,FD,I,23.9,23,16,0.30,4,1,25,1.79,L
1069,4,2,42,T,23B,264,29,Fd,FD,C,32.4,27.3,16.1,0.41,5,1,25,1.79,L
1070,4,2,42,T,23B,265,30,Fd,FD,I,18.1,19.2,14.1,0.27,3,2,25,1.79,L
1071,4,2,42,T,23B,266,31,Fd,FD,I,14.1,16.6,11.6,0.30,4,1,25,1.79,L
1072,4,2,42,T,23B,267,32,Fd,FD,I,14.9,17.1,12.4,0.27,3,1,25,1.79,L
1073,4,2,42,T,23B,268,33,Fd,FD,I,13.2,15.7,12.8,0.18,2,1,25,1.79,L
1074,4,2,42,T,23B,269,34,Fd,FD,I,22.1,17.6,11.9,0.32,4,1,25,1.79,L
1075,4,2,42,T,23B,270,35,Fd,FD,I,13.1,15.3,11,0.28,3,1,25,1.79,L
1076,4,2,42,T,23B,271,36,Fd,FD,I,18.4,18.6,11.9,0.36,4,1,25,1.79,L
1077,4,2,42,T,23B,272,37,Fd,FD,I,16.1,16.7,12.6,0.25,3,1,25,1.79,L
1078,4,2,42,T,23B,273,38,Fd,FD,S,12.0,11.3,10.6,0.06,1,2,100,7.14,L
1079,4,2,42,T,23B,274,39,Fd,FD,S,9.8,9.9,7.6,0.23,3,2,100,7.14,L
1080,4,2,42,T,23B,275,1040,Fd,FD,P,4.4,4.4,-,0.40,5,1,800,57.14,L
1081,4,2,42,T,23B,276,1041,Fd,FD,R,0.5,0.7,-,0.90,9,1,2600,185.71,L
1082,4,2,43,T,27,277,55,Fd,FD,C,55.0,35.2,17.6,0.50,6,1,25,1.79,L
1083,4,2,43,T,27,278,56,Fd,FD,I,19.8,17.2,10.9,0.37,4,2,25,1.79,L
1084,4,2,43,T,27,279,57,Fd,FD,I,17.1,19.7,15.1,0.23,3,1,25,1.79,L
1085,4,2,43,T,27,280,58,Fd,FD,I,24.2,22.0,14.3,0.35,4,2,25,1.79,L
1086,4,2,43,T,27,281,59,Fd,FD,I,31.5,26.9,15.6,0.42,5,1,25,1.79,L
1087,4,2,43,T,27,282,60,Fd,FD,C,49.9,36.1,19.7,0.45,5,1,25,1.79,L
1088,4,2,43,T,27,283,61,Fd,FD,S,14.3,13.1,11.4,0.13,2,2,25,1.79,L
1089,4,2,43,T,27,284,62,Fd,FD,S,17.4,17.3,14.4,0.17,2,2,25,1.79,L
1090,4,2,43,T,27,285,63,Fd,FD,C,59.4,36.4,26.3,0.28,3,1,25,1.79,L
1091,4,2,43,T,27,286,64,Fd,FD,C,50.2,37.4,27.4,0.27,3,1,25,1.79,L
1092,4,2,43,T,27,287,65,Fd,FD,-,13.4,11.1,-,0.00,0,3,25,1.79,D
1093,4,2,43,T,27,288,66,Fd,FD,S,17.4,19.7,15.5,0.21,3,2,25,1.79,L
1094,4,2,43,T,27,289,67,Fd,FD,I,35.4,25.7,14.9,0.42,5,2,25,1.79,L
1095,4,2,43,T,27,290,68,Fd,FD,I,25.3,24.2,15.6,0.36,4,2,25,1.79,L
1096,4,2,43,T,27,291,69,Fd,FD,C,50.1,35.9,20.0,0.44,5,1,25,1.79,L
1097,4,2,43,T,27,292,70,Fd,FD,D,110.4,44.7,26.0,0.42,5,2,25,1.79,L
1098,4,2,43,T,27,293,71,Fd,FD,S,19.0,20.1,16.7,0.17,2,2,25,1.79,L
1099,4,2,43,T,27,294,72,Fd,FD,C,50.2,37.6,23.0,0.39,4,1,25,1.79,L
1100,4,2,43,T,27,295,73,Fd,FD,S,12.8,10.4,7.2,0.31,4,1,25,1.79,L
1101,4,2,43,T,27,296,74,Fd,FD,-,38.5,3.7,-,0.00,0,4,25,1.79,D
1102,4,2,43,T,27,297,1075,Fd,FD,R,0.5,0.7,-,0.90,9,1,800,57.14,L
1103,4,2,44,T,28,298,40,Fd,FD,C,40.1,30.5,20.6,0.32,4,1,25,1.79,L
1104,4,2,45,T,33A,299,1088,Fd,FD,R,0.5,0.7,-,0.90,9,1,800,57.14,L
1105,4,2,45,T,33A,300,75,Fd,FD,C,36.3,30.4,18.6,0.39,4,1,25,1.79,L
1106,4,2,45,T,33A,301,76,Fd,FD,C,62.7,28.2,15.2,0.46,5,1,25,1.79,L
1107,4,2,45,T,33A,302,77,Fd,FD,C,53.2,30.3,18.8,0.38,4,2,25,1.79,L
1108,4,2,45,T,33A,303,78,Fd,FD,I,27.8,27.2,18.5,0.32,4,2,25,1.79,L
1109,4,2,45,T,33A,304,79,Fd,FD,I,29.2,25.5,19.2,0.25,3,1,25,1.79,L
1110,4,2,45,T,33A,305,80,Fd,FD,I,25.7,21.2,17.5,0.17,2,2,25,1.79,L
1111,4,2,45,T,33A,306,81,Fd,FD,I,25.1,23.4,15.1,0.35,4,2,25,1.79,L
1112,4,2,45,T,33A,307,82,Fd,FD,C,38.0,26.2,17.1,0.35,4,1,25,1.79,L
1113,4,2,45,T,33A,308,83,Fd,FD,C,34.2,26.1,18.1,0.31,4,1,25,1.79,L
1114,4,2,45,T,33A,309,84,Fd,FD,-,18.8,2.0,-,0.00,0,4,25,1.79,D
1115,4,2,45,T,33A,310,85,Fd,FD,C,49.5,33.3,19.3,0.42,5,1,25,1.79,L
1116,4,2,45,T,33A,311,86,Fd,FD,I,28.7,25.5,18.6,0.27,3,1,25,1.79,L
1117,4,2,45,T,33A,312,87,Fd,FD,I,30.7,23.1,13.2,0.43,5,1,25,1.79,L
1118,5,3,46,C,26,1,1,Fd,FD,S,14.4,13.8,11.6,0.16,2,1,25,3.13,L
1119,5,3,46,C,26,2,2,Fd,FD,S,14.4,13.5,9.9,0.27,3,2,25,3.13,L
1120,5,3,46,C,26,3,3,Fd,FD,I,14.6,17.9,13.2,0.26,3,1,25,3.13,L
1121,5,3,46,C,26,4,4,Fd,FD,I,19.3,19.9,12.6,0.37,4,2,25,3.13,L
1122,5,3,46,C,26,5,5,Fd,FD,C,32.3,25.1,11.6,0.54,6,1,25,3.13,L
1123,5,3,46,C,26,6,6,Fd,FD,C,58,29.6,19.4,0.34,4,2,25,3.13,L
1124,5,3,46,C,26,7,7,Fd,FD,I,28.6,22.8,13.2,0.42,5,1,25,3.13,L
1125,5,3,46,C,26,8,8,Fd,FD,C,54,30.1,18.4,0.39,4,1,25,3.13,L
1126,5,3,46,C,26,9,9,Fd,FD,I,23,18.5,12.6,0.32,4,1,25,3.13,L
1127,5,3,46,C,26,10,10,Fd,FD,I,28.1,21.8,15.8,0.28,3,1,25,3.13,L
1128,5,3,46,C,26,11,11,Fd,FD,I,14.1,14.6,12.3,0.16,2,1,25,3.13,L
1129,5,3,46,C,26,12,12,Fd,FD,I,17.9,19.5,13.6,0.30,4,1,25,3.13,L
1130,5,3,46,C,26,13,13,Fd,FD,S,13.8,13.7,11.6,0.15,2,2,25,3.13,L
1131,5,3,46,C,26,14,14,Fd,FD,I,24,17.8,8.4,0.53,6,2,25,3.13,L
1132,5,3,46,C,26,15,15,Fd,FD,-,13.2,9.4,-,0.00,0,3,25,3.13,D
1133,5,3,46,C,26,16,16,Fd,FD,C,44.2,26.3,15.7,0.40,5,1,25,3.13,L
1134,5,3,46,C,26,17,17,Fd,FD,I,24.3,21.1,16.1,0.24,3,1,25,3.13,L
1135,5,3,46,C,26,18,18,Fd,FD,S,14.5,13.5,8.9,0.34,4,2,25,3.13,L
1136,5,3,46,C,26,19,19,Fd,FD,I,28.6,22.4,15.3,0.32,4,1,25,3.13,L
1137,5,3,46,C,26,20,20,Fd,FD,C,30,23.8,18.3,0.23,3,1,25,3.13,L
1138,5,3,46,C,26,21,21,Fd,FD,C,31.7,23.9,18.7,0.22,3,1,25,3.13,L
1139,5,3,46,C,26,22,22,Fd,FD,I,27.9,22,16.9,0.23,3,1,25,3.13,L
1140,5,3,46,C,26,23,23,Fd,FD,C,31.9,24.9,16,0.36,4,1,25,3.13,L
1141,5,3,46,C,26,24,24,Fd,FD,C,42,28.2,16.6,0.41,5,1,25,3.13,L
1142,5,3,46,C,26,25,25,Fd,FD,I,19,21.6,17.7,0.18,2,1,25,3.13,L
1143,5,3,46,C,26,26,26,Fd,FD,C,36.5,25.8,18.3,0.29,3,2,25,3.13,L
1144,5,3,46,C,26,27,27,Fd,FD,S,13.7,14,11.6,0.17,2,1,25,3.13,L
1145,5,3,46,C,26,28,28,Fd,FD,S,9.9,9.9,6.9,0.30,4,1,100,12.50,L
1146,5,3,46,C,26,29,29,Fd,FD,S,10,8.7,7.2,0.17,2,2,100,12.50,L
1147,5,3,47,C,27,30,30,Fd,FD,C,20.2,18.3,14.1,0.23,3,1,25,3.13,L
1148,5,3,47,C,27,31,31,Fd,FD,C,28,18.1,13.7,0.24,3,2,25,3.13,L
1149,5,3,47,C,27,32,32,Fd,FD,I,19.2,16.4,10.8,0.34,4,2,25,3.13,L
1150,5,3,47,C,27,33,33,Fd,FD,C,26.1,17.1,12.7,0.26,3,2,25,3.13,L
1151,5,3,47,C,27,34,34,Fd,FD,I,21.2,15.8,13.1,0.17,2,1,25,3.13,L
1152,5,3,47,C,27,35,35,Fd,FD,C,27.4,21.6,14.2,0.34,4,1,25,3.13,L
1153,5,3,47,C,27,36,36,Fd,FD,I,12.8,16.5,14.5,0.12,2,1,25,3.13,L
1154,5,3,47,C,27,37,37,Fd,FD,I,18.7,15.3,11.4,0.25,3,2,25,3.13,L
1155,5,3,47,C,27,38,38,Fd,FD,I,18.9,17.6,13.3,0.24,3,1,25,3.13,L
1156,5,3,47,C,27,39,39,Fd,FD,I,21.5,18.7,13.3,0.29,3,2,25,3.13,L
1157,5,3,47,C,27,40,40,Fd,FD,I,19.3,17.8,15.4,0.13,2,2,25,3.13,L
1158,5,3,47,C,27,41,41,Fd,FD,C,26.5,21.7,16.8,0.23,3,1,25,3.13,L
1159,5,3,47,C,27,42,42,Fd,FD,S,13.9,5.8,4.1,0.29,3,2,25,3.13,L
1160,5,3,47,C,27,43,43,Fd,FD,C,34.7,24.7,15.4,0.38,4,1,25,3.13,L
1161,5,3,47,C,27,44,44,Fd,FD,C,35,20.7,16.8,0.19,2,1,25,3.13,L
1162,5,3,47,C,27,45,45,Fd,FD,C,25,20,15.3,0.24,3,1,25,3.13,L
1163,5,3,47,C,27,46,46,Fd,FD,I,23.7,16.6,12.8,0.23,3,2,25,3.13,L
1164,5,3,47,C,27,47,47,Fd,FD,C,24.5,21.3,14.1,0.34,4,1,25,3.13,L
1165,5,3,47,C,27,48,48,Fd,FD,I,23.2,16.1,11.3,0.30,3,2,25,3.13,L
1166,5,3,47,C,27,49,49,Fd,FD,C,27.9,20.9,14.2,0.32,4,1,25,3.13,L
1167,5,3,47,C,27,50,50,Fd,FD,C,27.2,19.7,15.7,0.20,3,1,25,3.13,L
1168,5,3,47,C,27,51,51,Fd,FD,C,25.4,20,15.4,0.23,3,1,25,3.13,L
1169,5,3,47,C,27,52,52,Fd,FD,I,14.2,12.3,8.6,0.30,4,1,25,3.13,L
1170,5,3,47,C,27,53,53,Fd,FD,C,29.9,21.7,12.3,0.43,5,2,25,3.13,L
1171,5,3,47,C,27,54,54,Fd,FD,I,18.5,17.3,11.7,0.32,4,1,25,3.13,L
1172,5,3,47,C,27,55,55,Fd,FD,I,23.6,18.8,13.1,0.30,4,2,25,3.13,L
1173,5,3,47,C,27,56,56,Fd,FD,I,15,14.1,12.8,0.09,1,2,25,3.13,L
1174,5,3,47,C,27,57,57,Fd,FD,I,16.3,10.8,10.7,0.01,1,2,25,3.13,L
1175,5,3,47,C,27,58,58,Fd,FD,I,22.6,17.1,12.2,0.29,3,1,25,3.13,L
1176,5,3,47,C,27,59,59,Fd,FD,I,17.5,18.3,15.1,0.17,2,1,25,3.13,L
1177,5,3,47,C,27,60,60,Fd,FD,C,25.8,19.8,15.5,0.22,3,1,25,3.13,L
1178,5,3,47,C,27,61,61,Fd,FD,C,26.2,20.7,16.1,0.22,3,1,25,3.13,L
1179,5,3,47,C,27,62,62,Fd,FD,C,27.7,23.3,12.8,0.45,5,2,25,3.13,L
1180,5,3,47,C,27,63,63,Fd,FD,I,12.6,12.5,8.4,0.33,4,2,25,3.13,L
1181,5,3,47,C,27,64,64,Fd,FD,C,23.5,19.5,13.4,0.31,4,1,25,3.13,L
1182,5,3,47,C,27,65,65,Fd,FD,I,22.4,18.4,15.7,0.15,2,1,25,3.13,L
1183,5,3,47,C,27,66,66,Fd,FD,I,22.2,18.3,13,0.29,3,2,25,3.13,L
1184,5,3,47,C,27,67,67,Fd,FD,-,32.8,18.6,-,0.00,0,3,25,3.13,D
1185,5,3,47,C,27,68,68,Fd,FD,S,10.9,10.7,8.4,0.21,3,2,100,12.50,L
1186,5,3,47,C,27,69,69,Fd,FD,S,8,6.3,5.4,0.14,2,2,100,12.50,L
1187,5,3,48,C,28,70,98,Fd,FD,C,19.2,19.5,13.5,0.31,4,1,25,3.13,L
1188,5,3,48,C,28,71,99,Fd,FD,D,48,29.5,19.1,0.35,4,2,25,3.13,L
1189,5,3,48,C,28,72,100,Fd,FD,I,13,15.4,12.5,0.19,2,1,25,3.13,L
1190,5,3,48,C,28,73,101,Fd,FD,I,14.4,17.3,11.9,0.31,4,1,25,3.13,L
1191,5,3,48,C,28,74,102,Fd,FD,C,27.5,22.8,11.8,0.48,5,1,25,3.13,L
1192,5,3,48,C,28,75,103,Fd,FD,I,14.9,16.7,14.1,0.16,2,1,25,3.13,L
1193,5,3,48,C,28,76,104,Fd,FD,I,13.3,15.9,12.3,0.23,3,1,25,3.13,L
1194,5,3,48,C,28,77,105,Fd,FD,I,14.6,14.7,10.3,0.30,3,1,25,3.13,L
1195,5,3,48,C,28,78,106,Fd,FD,I,13.5,13.8,9.9,0.28,3,1,25,3.13,L
1196,5,3,48,C,28,79,107,Fd,FD,D,41.2,27.4,16.5,0.40,4,1,25,3.13,L
1197,5,3,48,C,28,80,108,Fd,FD,S,13.3,11.6,7.1,0.39,4,1,25,3.13,L
1198,5,3,48,C,28,81,109,Fd,FD,C,29.6,21.9,16.5,0.25,3,1,25,3.13,L
1199,5,3,48,C,28,82,110,Fd,FD,C,26.6,24.3,20.2,0.17,2,1,25,3.13,L
1200,5,3,48,C,28,83,111,Fd,FD,D,44.1,29,17.5,0.40,4,1,25,3.13,L
1201,5,3,48,C,28,84,112,Fd,FD,C,29.5,22.9,14.1,0.38,4,1,25,3.13,L
1202,5,3,48,C,28,85,113,Fd,FD,C,30.9,24.1,9.7,0.60,6,1,25,3.13,L
1203,5,3,48,C,28,86,114,Fd,FD,C,30.2,25.3,14.4,0.43,5,2,25,3.13,L
1204,5,3,48,C,28,87,115,Fd,FD,D,31.3,27.1,13.6,0.50,5,2,25,3.13,L
1205,5,3,48,C,28,88,116,Fd,FD,D,36.5,27.2,16,0.41,5,1,25,3.13,L
1206,5,3,48,C,28,89,117,Fd,FD,D,37,29.4,19.1,0.35,4,1,25,3.13,L
1207,5,3,48,C,28,90,118,Fd,FD,I,14,12.5,8.8,0.30,3,1,25,3.13,L
1208,5,3,48,C,28,91,119,Fd,FD,I,13.1,11.2,7.1,0.37,4,2,25,3.13,L
1209,5,3,48,C,28,92,120,Fd,FD,I,17.1,17.5,14.2,0.19,2,1,25,3.13,L
1210,5,3,48,C,28,93,121,Fd,FD,I,14.8,16.6,14,0.16,2,1,25,3.13,L
1211,5,3,48,C,28,94,122,Fd,FD,I,13.6,16.6,13.2,0.20,3,2,25,3.13,L
1212,5,3,48,C,28,95,123,Fd,FD,S,16.1,12.9,8.2,0.36,4,2,25,3.13,L
1213,5,3,48,C,28,96,124,Fd,FD,S,11.3,9.8,8.1,0.17,2,2,100,12.50,L
1214,5,3,48,C,28,97,125,Fd,FD,S,11.1,11.8,7.4,0.37,4,1,100,12.50,L
1215,5,3,49,C,29,98,126,Fd,FD,C,35,21.5,16.8,0.22,3,2,25,3.13,L
1216,5,3,49,C,29,99,127,Fd,FD,I,12.8,13.9,10.7,0.23,3,2,25,3.13,L
1217,5,3,49,C,29,100,128,Fd,FD,C,41.2,21.6,17.3,0.20,2,2,25,3.13,L
1218,5,3,49,C,29,101,129,Fd,FD,I,21,18.3,12.3,0.33,4,1,25,3.13,L
1219,5,3,49,C,29,102,130,Fd,FD,I,21.2,19.2,14.8,0.23,3,1,25,3.13,L
1220,5,3,49,C,29,103,131,Fd,FD,C,42.8,22.1,15.3,0.31,4,1,25,3.13,L
1221,5,3,49,C,29,104,132,Fd,FD,I,21.5,19.3,13.5,0.30,4,2,25,3.13,L
1222,5,3,49,C,29,105,133,Fd,FD,C,36.9,20.8,8.6,0.59,6,2,25,3.13,L
1223,5,3,49,C,29,106,134,Fd,FD,I,34,20.2,15.2,0.25,3,2,25,3.13,L
1224,5,3,49,C,29,107,135,Fd,FD,I,33.6,19.2,15.9,0.17,2,2,25,3.13,L
1225,5,3,49,C,29,108,136,Fd,FD,C,45,22.3,16.6,0.26,3,1,25,3.13,L
1226,5,3,49,C,29,109,137,Fd,FD,I,32.7,18.9,16.3,0.14,2,2,25,3.13,L
1227,5,3,49,C,29,110,138,Fd,FD,C,36.4,19.5,13.5,0.31,4,2,25,3.13,L
1228,5,3,49,C,29,111,139,Fd,FD,C,42.3,23.1,16.1,0.30,4,1,25,3.13,L
1229,5,3,49,C,29,112,140,Fd,FD,I,29.8,19.1,16.2,0.15,2,2,25,3.13,L
1230,5,3,49,C,29,113,141,Fd,FD,I,15,15.4,11.7,0.24,3,2,25,3.13,L
1231,5,3,49,C,29,114,142,Fd,FD,C,34.3,22.5,17.1,0.24,3,1,25,3.13,L
1232,5,3,49,C,29,115,143,Fd,FD,S,13.5,11,9.2,0.16,2,2,25,3.13,L
1233,5,3,49,C,29,116,144,Fd,FD,I,26.6,19.1,13.9,0.27,3,1,25,3.13,L
1234,5,3,49,C,29,117,145,Fd,FD,I,12.8,16,12.3,0.23,3,1,25,3.13,L
1235,5,3,49,C,29,118,146,Fd,FD,I,14.7,16.7,14.3,0.14,2,1,25,3.13,L
1236,5,3,49,C,29,119,147,Fd,FD,I,17.1,17.1,12.7,0.26,3,1,25,3.13,L
1237,5,3,49,C,29,120,148,Fd,FD,I,14.3,14.9,11.7,0.21,3,2,25,3.13,L
1238,5,3,49,C,29,121,149,Fd,FD,I,18.7,16.7,12.3,0.26,3,1,25,3.13,L
1239,5,3,49,C,29,122,150,Fd,FD,I,14.9,17.1,12.2,0.29,3,1,25,3.13,L
1240,5,3,49,C,29,123,151,Fd,FD,I,19.1,15.9,12.6,0.21,3,1,25,3.13,L
1241,5,3,49,C,29,124,152,Fd,FD,I,21.4,20.5,13.3,0.35,4,1,25,3.13,L
1242,5,3,49,C,29,125,153,Fd,FD,S,14.7,10.8,9.3,0.14,2,2,25,3.13,L
1243,5,3,49,C,29,126,154,Fd,FD,I,23.5,18.8,14.7,0.22,3,1,25,3.13,L
1244,5,3,49,C,29,127,155,Fd,FD,C,41.5,24.1,16.3,0.32,4,1,25,3.13,L
1245,5,3,49,C,29,128,156,Fd,FD,I,17,13.5,11.1,0.18,2,2,25,3.13,L
1246,5,3,49,C,29,129,157,Fd,FD,I,23.8,15.1,13.2,0.13,2,2,25,3.13,L
1247,5,3,49,C,29,130,158,Fd,FD,C,43,25.9,18.5,0.29,3,2,25,3.13,L
1248,5,3,49,C,29,131,159,Fd,FD,C,50,27,17.2,0.36,4,1,25,3.13,L
1249,5,3,49,C,29,132,160,Fd,FD,S,16.2,12.1,11,0.09,1,2,25,3.13,L
1250,5,3,49,C,29,133,161,Fd,FD,I,20.7,17.9,15.3,0.15,2,1,25,3.13,L
1251,5,3,49,C,29,134,162,Fd,FD,I,23,19.1,15.6,0.18,2,1,25,3.13,L
1252,5,3,49,C,29,135,163,Fd,FD,-,44.7,3.6,-,0.00,0,4,25,3.13,D
1253,5,3,49,C,29,136,164,Fd,FD,I,21.6,17.4,11.9,0.32,4,1,25,3.13,L
1254,5,3,49,C,29,137,165,Fd,FD,S,10.9,12,11.1,0.08,1,2,100,12.50,L
1255,5,3,49,C,29,138,166,Fd,FD,S,7.8,7.8,7,0.10,2,2,100,12.50,L
1256,5,3,50,C,30,139,199,Fd,FD,C,36.5,24.3,19.1,0.21,3,1,25,3.13,L
1257,5,3,50,C,30,140,200,Fd,FD,C,31.6,25.1,18.7,0.25,3,1,25,3.13,L
1258,5,3,50,C,30,141,201,Fd,FD,I,16.4,19,16.3,0.14,2,2,25,3.13,L
1259,5,3,50,C,30,142,202,Fd,FD,C,37.3,24.2,18.4,0.24,3,2,25,3.13,L
1260,5,3,50,C,30,143,203,Fd,FD,I,21.8,18.5,11.8,0.36,4,1,25,3.13,L
1261,5,3,50,C,30,144,204,Fd,FD,C,24.8,23,17.5,0.24,3,2,25,3.13,L
1262,5,3,50,C,30,145,205,Fd,FD,C,36.4,24.5,18.6,0.24,3,1,25,3.13,L
1263,5,3,50,C,30,146,206,Fd,FD,C,27.3,23.9,16.4,0.31,4,2,25,3.13,L
1264,5,3,50,C,30,147,207,Fd,FD,I,12.8,13.4,10.5,0.22,3,1,25,3.13,L
1265,5,3,50,C,30,148,208,Fd,FD,-,15.5,2.8,-,0.00,0,4,25,3.13,D
1266,5,3,50,C,30,149,209,Fd,FD,I,20,16.9,12.2,0.28,3,2,25,3.13,L
1267,5,3,50,C,30,150,210,Fd,FD,I,14.8,16.1,11.8,0.27,3,1,25,3.13,L
1268,5,3,50,C,30,151,211,Fd,FD,C,40.6,27.1,18.1,0.33,4,2,25,3.13,L
1269,5,3,50,C,30,152,212,Fd,FD,C,33.4,25,14.1,0.44,5,1,25,3.13,L
1270,5,3,50,C,30,153,213,Fd,FD,I,12.8,10.8,8.6,0.20,3,1,25,3.13,L
1271,5,3,50,C,30,154,214,Fd,FD,D,55.5,29.4,18.2,0.38,4,2,25,3.13,L
1272,5,3,50,C,30,155,215,Fd,FD,I,18.4,18.2,13.3,0.27,3,2,25,3.13,L
1273,5,3,50,C,30,156,216,Fd,FD,I,20.3,19.2,13,0.32,4,1,25,3.13,L
1274,5,3,50,C,30,157,217,Fd,FD,C,53.6,25.1,16.6,0.34,4,1,25,3.13,L
1275,5,3,50,C,30,158,218,Fd,FD,I,17.4,14.9,11.6,0.22,3,2,25,3.13,L
1276,5,3,50,C,30,159,219,Fd,FD,I,12.4,12.6,10,0.21,3,1,100,12.50,L
1277,5,3,50,C,30,160,220,Fd,FD,I,11.7,11.2,8.7,0.22,3,2,100,12.50,L
1278,5,3,50,C,30,161,1221,Fd,FD,P,4.4,4.4,-,0.40,5,1,200,25.00,L
1279,5,3,50,C,30,162,1222,Fd,FD,R,0.5,0.7,-,0.99,9,1,600,75.00,L
1280,5,3,51,C,31,163,221,Fd,FD,C,27.7,21.1,15.8,0.25,3,1,25,3.13,L
1281,5,3,51,C,31,164,222,Fd,FD,C,25.5,22.8,16.9,0.26,3,1,25,3.13,L
1282,5,3,51,C,31,165,223,Fd,FD,C,34.2,23.6,16.9,0.28,3,1,25,3.13,L
1283,5,3,51,C,31,166,224,Fd,FD,I,14.6,17.8,14.6,0.18,2,2,25,3.13,L
1284,5,3,51,C,31,167,225,Fd,FD,C,35.1,22.3,12.2,0.45,5,1,25,3.13,L
1285,5,3,51,C,31,168,226,Fd,FD,-,15,5.1,-,0.00,0,3,25,3.13,D
1286,5,3,51,C,31,169,227,Fd,FD,-,15.7,7.2,-,0.00,0,3,25,3.13,D
1287,5,3,51,C,31,170,228,Fd,FD,C,34.5,22.5,15.7,0.30,4,1,25,3.13,L
1288,5,3,51,C,31,171,229,Fd,FD,C,36.5,25.1,17.1,0.32,4,1,25,3.13,L
1289,5,3,51,C,31,172,230,Fd,FD,C,28.1,23.3,17.4,0.25,3,1,25,3.13,L
1290,5,3,51,C,31,173,231,Fd,FD,I,14.6,15.5,12.5,0.19,2,2,25,3.13,L
1291,5,3,51,C,31,174,232,Fd,FD,C,26.3,23.2,18.4,0.21,3,2,25,3.13,L
1292,5,3,51,C,31,175,233,Fd,FD,C,27.9,23.7,15.3,0.35,4,1,25,3.13,L
1293,5,3,51,C,31,176,234,Fd,FD,I,20.3,19.6,17.2,0.12,2,1,25,3.13,L
1294,5,3,51,C,31,177,235,Fd,FD,C,33.9,25.2,16.4,0.35,4,1,25,3.13,L
1295,5,3,51,C,31,178,236,Fd,FD,I,19,16.3,13.5,0.17,2,2,25,3.13,L
1296,5,3,51,C,31,179,237,Fd,FD,C,21.1,21.5,16.7,0.22,3,1,25,3.13,L
1297,5,3,51,C,31,180,238,Fd,FD,C,24.6,19.5,16.8,0.14,2,1,25,3.13,L
1298,5,3,51,C,31,181,239,Fd,FD,C,21.5,19.8,14,0.29,3,1,25,3.13,L
1299,5,3,51,C,31,182,240,Fd,FD,C,25.4,22.7,13.9,0.39,4,2,25,3.13,L
1300,5,3,51,C,31,183,241,Fd,FD,C,39.3,27,17.9,0.34,4,1,25,3.13,L
1301,5,3,51,C,31,184,242,Fd,FD,I,23,20.8,16.2,0.22,3,1,25,3.13,L
1302,5,3,51,C,31,185,243,Fd,FD,-,12.5,8.9,-,0.00,0,3,25,3.13,D
1303,5,3,51,C,31,186,244,Fd,FD,C,41.8,24,17.5,0.27,3,1,25,3.13,L
1304,5,3,51,C,31,187,245,Fd,FD,I,19.1,20.8,15.7,0.25,3,2,25,3.13,L
1305,5,3,51,C,31,188,246,Fd,FD,S,14.8,13.6,11.2,0.18,2,1,25,3.13,L
1306,5,3,51,C,31,189,247,Fd,FD,I,"15,3",17.7,14.8,0.16,2,1,25,3.13,L
1307,5,3,51,C,31,190,248,Fd,FD,I,14.2,15.7,13.5,0.14,2,1,25,3.13,L
1308,5,3,51,C,31,191,249,Fd,FD,C,34,22,16.4,0.25,3,1,25,3.13,L
1309,5,3,51,C,31,192,250,Fd,FD,I,16.4,17.7,15.3,0.14,2,2,25,3.13,L
1310,5,3,51,C,31,193,251,Fd,FD,C,22.6,22,17.6,0.20,3,2,25,3.13,L
1311,5,3,51,C,31,194,252,Fd,FD,-,81.7,3.4,-,0.00,0,4,25,3.13,D
1312,5,3,51,C,31,195,253,Fd,FD,C,24.1,22,17.2,0.22,3,1,25,3.13,L
1313,5,3,51,C,31,196,254,Fd,FD,S,13.3,11.8,8.4,0.29,3,2,25,3.13,L
1314,5,3,52,C,34,197,167,Fd,FD,I,28.1,18.1,8.1,0.55,6,1,25,3.13,L
1315,5,3,52,C,34,198,168,At,AT,I,18.9,15.2,8,0.47,5,2,25,3.13,L
1316,5,3,52,C,34,199,169,Fd,FD,S,13.5,10.8,8.9,0.18,2,2,25,3.13,L
1317,5,3,52,C,34,200,170,Fd,FD,-,19.4,7,-,0.00,0,3,25,3.13,D
1318,5,3,52,C,34,201,171,Fd,FD,C,36.7,24,11.4,0.53,6,1,25,3.13,L
1319,5,3,52,C,34,202,172,Fd,FD,C,38.6,25.5,15.3,0.40,5,2,25,3.13,L
1320,5,3,52,C,34,203,173,Fd,FD,C,22.8,24.6,16.8,0.32,4,1,25,3.13,L
1321,5,3,52,C,34,204,174,Fd,FD,C,33.8,26,16.8,0.35,4,1,25,3.13,L
1322,5,3,52,C,34,205,175,Fd,FD,C,35.7,26.1,17.2,0.34,4,1,25,3.13,L
1323,5,3,52,C,34,206,176,Fd,FD,I,19.1,19.8,14.4,0.27,3,1,25,3.13,L
1324,5,3,52,C,34,207,177,Fd,FD,I,15.1,13.8,9.9,0.28,3,2,25,3.13,L
1325,5,3,52,C,34,208,178,Fd,FD,C,21.5,21.9,13.6,0.38,4,1,25,3.13,L
1326,5,3,52,C,34,209,179,Fd,FD,C,31.5,23.8,16.7,0.30,3,1,25,3.13,L
1327,5,3,52,C,34,210,180,Fd,FD,I,21.8,21.5,17.4,0.19,2,2,25,3.13,L
1328,5,3,52,C,34,211,181,Fd,FD,I,13,13.7,11.8,0.14,2,1,25,3.13,L
1329,5,3,52,C,34,212,182,Fd,FD,C,22.1,21.8,15.2,0.30,4,1,25,3.13,L
1330,5,3,52,C,34,213,183,Fd,FD,I,19.5,18.6,13.1,0.30,3,1,25,3.13,L
1331,5,3,52,C,34,214,184,Fd,FD,I,18,20.1,16.3,0.19,2,1,25,3.13,L
1332,5,3,52,C,34,215,185,Fd,FD,C,25.6,22.5,16.9,0.25,3,1,25,3.13,L
1333,5,3,52,C,34,216,186,Fd,FD,C,27.3,25.3,16.6,0.34,4,1,25,3.13,L
1334,5,3,52,C,34,217,187,Fd,FD,C,17.8,20.2,16.9,0.16,2,1,25,3.13,L
1335,5,3,52,C,34,218,188,Fd,FD,C,22.9,22.1,17.1,0.23,3,1,25,3.13,L
1336,5,3,52,C,34,219,189,Fd,FD,C,41.1,26,15.6,0.40,5,2,25,3.13,L
1337,5,3,52,C,34,220,190,Fd,FD,C,38.7,24.1,14.1,0.41,5,1,25,3.13,L
1338,5,3,52,C,34,221,191,Fd,FD,S,18.8,15.3,11.3,0.26,3,1,25,3.13,L
1339,5,3,52,C,34,222,192,Fd,FD,C,30.8,23.8,18.1,0.24,3,1,25,3.13,L
1340,5,3,52,C,34,223,193,Fd,FD,C,33.6,24.1,14.5,0.40,4,1,25,3.13,L
1341,5,3,52,C,34,224,194,Fd,FD,I,19.6,12.6,6.8,0.46,5,2,25,3.13,L
1342,5,3,52,C,34,225,195,Fd,FD,C,36.5,24.7,13.8,0.44,5,2,25,3.13,L
1343,5,3,52,C,34,226,196,Fd,FD,C,28.4,22.5,12.1,0.46,5,2,25,3.13,L
1344,5,3,52,C,34,227,197,At,AT,S,9.2,8.9,6.8,0.24,3,2,100,12.50,L
1345,5,3,52,C,34,228,198,Fd,FD,S,8.3,9.6,7.6,0.21,3,1,100,12.50,L
1346,5,3,53,C,22B,229,70,Fd,FD,I,25.8,18.2,14.7,0.19,2,2,25,3.13,L
1347,5,3,53,C,22B,230,71,Fd,FD,I,21,19.5,12.8,0.34,4,1,25,3.13,L
1348,5,3,53,C,22B,231,72,Fd,FD,C,25.6,24,17.2,0.28,3,1,25,3.13,L
1349,5,3,53,C,22B,232,73,Fd,FD,S,14.2,11.3,10.3,0.09,1,2,25,3.13,L
1350,5,3,53,C,22B,233,74,Fd,FD,-,12.8,11.1,-,0.00,0,3,25,3.13,D
1351,5,3,53,C,22B,234,75,Fd,FD,C,32.7,21.2,15.7,0.26,3,2,25,3.13,L
1352,5,3,53,C,22B,235,76,Fd,FD,C,41.5,22.6,16.2,0.28,3,2,25,3.13,L
1353,5,3,53,C,22B,236,77,Fd,FD,C,39.5,23.1,15.9,0.31,4,2,25,3.13,L
1354,5,3,53,C,22B,237,78,Fd,FD,D,53.3,30.5,22,0.28,3,2,25,3.13,L
1355,5,3,53,C,22B,238,79,Fd,FD,I,25.5,17.4,13.1,0.25,3,2,25,3.13,L
1356,5,3,53,C,22B,239,80,Fd,FD,C,42.5,25.8,16,0.38,4,1,25,3.13,L
1357,5,3,53,C,22B,240,81,Fd,FD,I,13.4,15,11.3,0.25,3,1,25,3.13,L
1358,5,3,53,C,22B,241,82,Fd,FD,C,42.9,25.5,16.1,0.37,4,2,25,3.13,L
1359,5,3,53,C,22B,242,83,Fd,FD,I,21.9,17.3,13,0.25,3,1,25,3.13,L
1360,5,3,53,C,22B,243,84,Fd,FD,I,22.5,19.7,11.5,0.42,5,1,25,3.13,L
1361,5,3,53,C,22B,244,85,Fd,FD,I,16.4,14,10,0.29,3,1,25,3.13,L
1362,5,3,53,C,22B,245,86,Fd,FD,I,18.9,14.7,10.5,0.29,3,2,25,3.13,L
1363,5,3,53,C,22B,246,87,Fd,FD,D,78.4,31.3,21.6,0.31,4,2,25,3.13,L
1364,5,3,53,C,22B,247,88,Fd,FD,C,26.4,21.6,15,0.31,4,1,25,3.13,L
1365,5,3,53,C,22B,248,89,Fd,FD,C,25.3,20.6,12.5,0.39,4,1,25,3.13,L
1366,5,3,53,C,22B,249,90,Fd,FD,C,24.8,19.9,13.7,0.31,4,2,25,3.13,L
1367,5,3,53,C,22B,250,91,Fd,FD,C,22.3,22.4,17.2,0.23,3,1,25,3.13,L
1368,5,3,53,C,22B,251,92,Fd,FD,C,38.7,23.6,18.2,0.23,3,2,25,3.13,L
1369,5,3,53,C,22B,252,93,Fd,FD,C,45,23.7,19.6,0.17,2,2,25,3.13,L
1370,5,3,53,C,22B,253,94,Fd,FD,I,23.5,17.1,12.8,0.25,3,1,25,3.13,L
1371,5,3,53,C,22B,254,95,Fd,FD,S,9.1,10.8,8.4,0.22,3,1,100,12.50,L
1372,5,3,53,C,22B,255,96,Fd,FD,S,9.9,10.8,7.7,0.29,3,1,100,12.50,L
1373,5,3,53,C,22B,256,97,Fd,FD,S,12.7,8.7,7.8,0.10,2,2,100,12.50,L
1374,5,3,53,C,22B,257,1098,Fd,FD,P,4.4,4.4,-,0.40,5,1,1400,175.00,L
1375,6,3,54,T,34,1,107,Fd,FD,I,35,23.8,17.9,0.25,3,2,25,3.13,L
1376,6,3,54,T,34,2,108,Fd,FD,C,40.3,27.8,19.5,0.30,3,1,25,3.13,L
1377,6,3,54,T,34,3,109,Fd,FD,C,32,25.8,18.4,0.29,3,1,25,3.13,L
1378,6,3,54,T,34,4,110,Fd,FD,C,41.7,29.1,17.3,0.41,5,2,25,3.13,L
1379,6,3,54,T,34,5,111,Fd,FD,I,14.4,13.5,8.9,0.34,4,1,25,3.13,L
1380,6,3,54,T,34,6,112,Fd,FD,I,13,12.2,8.7,0.29,3,1,25,3.13,L
1381,6,3,54,T,34,7,113,Fd,FD,C,36,26,18.8,0.28,3,2,25,3.13,L
1382,6,3,54,T,34,8,114,Fd,FD,C,32.4,25.9,18.1,0.30,4,1,25,3.13,L
1383,6,3,54,T,34,9,115,Fd,FD,C,33.3,27.2,19.9,0.27,3,1,25,3.13,L
1384,6,3,54,T,34,10,116,Fd,FD,S,7.6,6.3,4.6,0.27,3,1,100,12.50,L
1385,6,3,54,T,34,11,1117,Fd,FD,R,0.5,0.7,-,0.99,9,1,200,25.00,L
1386,6,3,55,T,35,12,62,Fd,FD,C,44.3,26.4,20.4,0.23,3,1,25,3.13,L
1387,6,3,55,T,35,13,63,Fd,FD,C,43.1,25.6,21.6,0.16,2,1,25,3.13,L
1388,6,3,55,T,35,14,64,Fd,FD,C,44.7,30,20.9,0.30,4,1,25,3.13,L
1389,6,3,55,T,35,15,65,Fd,FD,C,56.5,27.2,18,0.34,4,1,25,3.13,L
1390,6,3,55,T,35,16,66,Fd,FD,C,65.7,24.6,10.9,0.56,6,1,25,3.13,L
1391,6,3,55,T,35,17,67,Fd,FD,C,43.2,26.5,19.6,0.26,3,1,25,3.13,L
1392,6,3,55,T,35,18,68,Fd,FD,C,58.3,25.8,16.6,0.36,4,1,25,3.13,L
1393,6,3,55,T,35,19,69,Fd,FD,C,38.7,24.8,-,0.40,5,1,25,3.13,L
1394,6,3,55,T,35,20,70,Fd,FD,C,39.6,25.8,21,0.19,2,1,25,3.13,L
1395,6,3,55,T,35,21,71,Fd,FD,C,52.4,27.6,20.9,0.24,3,1,25,3.13,L
1396,6,3,55,T,35,22,72,Fd,FD,C,36.3,27,21.7,0.20,2,1,25,3.13,L
1397,6,3,55,T,35,23,73,Fd,FD,C,34.8,24.6,20.2,0.18,2,1,25,3.13,L
1398,6,3,56,T,36,24,15,Fd,FD,C,37.3,23.5,13.5,0.43,5,1,25,3.13,L
1399,6,3,56,T,36,25,16,Fd,FD,C,39.1,24.5,17,0.31,4,2,25,3.13,L
1400,6,3,56,T,36,26,17,Fd,FD,C,51.4,26.2,19,0.27,3,1,25,3.13,L
1401,6,3,56,T,36,27,18,Fd,FD,C,35.6,24.8,14.7,0.41,5,1,25,3.13,L
1402,6,3,56,T,36,28,19,Fd,FD,D,46.3,28,14.1,0.50,5,1,25,3.13,L
1403,6,3,56,T,36,29,20,Fd,FD,C,53.7,25.9,11,0.58,6,1,25,3.13,L
1404,6,3,56,T,36,30,21,Fd,FD,I,16.4,12.9,7.7,0.40,5,1,25,3.13,L
1405,6,3,56,T,36,31,22,Fd,FD,I,14.2,13.8,8.2,0.41,5,1,25,3.13,L
1406,6,3,56,T,36,32,23,Fd,FD,C,67.9,26.2,18.3,0.30,4,2,25,3.13,L
1407,6,3,56,T,36,33,24,Fd,FD,C,47,27.1,14.7,0.46,5,2,25,3.13,L
1408,6,3,56,T,36,34,25,Fd,FD,D,56.1,29.8,19.5,0.35,4,1,25,3.13,L
1409,6,3,56,T,36,35,26,Fd,FD,C,44.2,22.1,15.8,0.29,3,1,25,3.13,L
1410,6,3,57,T,37,36,1,Fd,FD,C,38.1,23.2,15,0.35,4,1,25,3.13,L
1411,6,3,57,T,37,37,2,Fd,FD,I,14.6,13.2,7.2,0.45,5,1,25,3.13,L
1412,6,3,57,T,37,38,3,Fd,FD,I,13.6,14.1,8.7,0.38,4,1,25,3.13,L
1413,6,3,57,T,37,39,4,Fd,FD,I,18.2,16.2,8.4,0.48,5,1,25,3.13,L
1414,6,3,57,T,37,40,5,Fd,FD,I,18.4,14.1,7.9,0.44,5,1,25,3.13,L
1415,6,3,57,T,37,41,6,Fd,FD,I,16.3,14.2,8.5,0.40,5,1,25,3.13,L
1416,6,3,57,T,37,42,7,Fd,FD,C,34,23.7,13.2,0.44,5,1,25,3.13,L
1417,6,3,57,T,37,43,8,Fd,FD,I,15.6,14.3,10.8,0.24,3,2,25,3.13,L
1418,6,3,57,T,37,44,9,Fd,FD,C,44.4,25,12.2,0.51,6,2,25,3.13,L
1419,6,3,57,T,37,45,10,Fd,FD,C,46.6,26.2,14.7,0.44,5,2,25,3.13,L
1420,6,3,57,T,37,46,11,Fd,FD,C,27.7,19.5,10.3,0.47,5,2,25,3.13,L
1421,6,3,57,T,37,47,12,Fd,FD,C,37,23.9,11.5,0.52,6,2,25,3.13,L
1422,6,3,57,T,37,48,13,Fd,FD,I,21.8,19.5,15,0.23,3,1,25,3.13,L
1423,6,3,57,T,37,49,14,Fd,FD,I,8.2,7.5,4.2,0.44,5,1,100,12.50,L
1424,6,3,57,T,37,50,1015,Fd,FD,P,4.4,4.4,-,0.40,5,1,800,100.00,L
1425,6,3,58,T,38,51,27,Fd,FD,I,22.1,17.4,12.1,0.30,4,1,25,3.13,L
1426,6,3,58,T,38,52,28,Fd,FD,I,18.6,17.4,12,0.31,4,1,25,3.13,L
1427,6,3,58,T,38,53,29,Fd,FD,I,26.3,16.5,12.2,0.26,3,1,25,3.13,L
1428,6,3,58,T,38,54,30,Fd,FD,I,14.6,14.6,11.5,0.21,3,1,25,3.13,L
1429,6,3,58,T,38,55,31,Fd,FD,I,15.5,13.2,10.2,0.23,3,2,25,3.13,L
1430,6,3,58,T,38,56,32,Fd,FD,I,15.5,11.9,7.6,0.36,4,2,25,3.13,L
1431,6,3,58,T,38,57,33,Fd,FD,I,14.6,15,10.4,0.31,4,2,25,3.13,L
1432,6,3,58,T,38,58,34,Fd,FD,I,24.4,18.6,11.9,0.36,4,1,25,3.13,L
1433,6,3,58,T,38,59,35,Fd,FD,I,18.9,17.3,11.5,0.34,4,1,25,3.13,L
1434,6,3,58,T,38,60,36,Fd,FD,I,24.1,17.8,7.8,0.56,6,1,25,3.13,L
1435,6,3,58,T,38,61,37,Fd,FD,I,12.8,10.8,7.5,0.31,4,1,25,3.13,L
1436,6,3,58,T,38,62,38,Fd,FD,I,12.5,13.5,10.3,0.24,3,1,25,3.13,L
1437,6,3,58,T,38,63,39,Fd,FD,I,13.5,14.2,10.3,0.27,3,1,25,3.13,L
1438,6,3,58,T,38,64,40,Fd,FD,C,36.1,23.1,14.5,0.37,4,1,25,3.13,L
1439,6,3,58,T,38,65,41,Fd,FD,-,32.5,1.7,-,0.00,0,4,25,3.13,D
1440,6,3,58,T,38,66,42,Fd,FD,I,14.7,12.7,9.6,0.24,3,1,25,3.13,L
1441,6,3,58,T,38,67,43,Fd,FD,I,16.5,14.7,11,0.25,3,1,25,3.13,L
1442,6,3,58,T,38,68,44,Fd,FD,I,27.2,19.5,12.4,0.36,4,1,25,3.13,L
1443,6,3,58,T,38,69,45,Fd,FD,I,14.1,16.2,12.4,0.23,3,1,25,3.13,L
1444,6,3,58,T,38,70,46,Fd,FD,I,17.4,16.2,13.2,0.19,2,1,25,3.13,L
1445,6,3,58,T,38,71,47,Fd,FD,I,17.6,18.3,14.2,0.22,3,2,25,3.13,L
1446,6,3,58,T,38,72,48,Fd,FD,I,18.9,19.2,15.5,0.19,2,1,25,3.13,L
1447,6,3,58,T,38,73,49,Fd,FD,I,17.1,15.9,9.5,0.40,5,1,25,3.13,L
1448,6,3,58,T,38,74,50,Fd,FD,I,18,17.4,14,0.20,2,1,25,3.13,L
1449,6,3,58,T,38,75,51,Fd,FD,I,18.3,16.6,12.8,0.23,3,1,25,3.13,L
1450,6,3,58,T,38,76,52,Fd,FD,-,74.9,8.2,-,0.00,0,4,25,3.13,D
1451,6,3,58,T,38,77,53,Fd,FD,I,15.9,17.1,13.4,0.22,3,1,25,3.13,L
1452,6,3,58,T,38,78,54,Fd,FD,I,19.3,17.7,12.7,0.28,3,1,25,3.13,L
1453,6,3,58,T,38,79,55,Fd,FD,I,15.5,16.5,11.8,0.28,3,1,25,3.13,L
1454,6,3,58,T,38,80,56,Fd,FD,I,20.8,17.9,12.8,0.28,3,1,25,3.13,L
1455,6,3,58,T,38,81,57,Fd,FD,I,17.6,16.8,12.6,0.25,3,1,25,3.13,L
1456,6,3,58,T,38,82,58,Fd,FD,I,20.3,17.4,12.7,0.27,3,1,25,3.13,L
1457,6,3,58,T,38,83,59,Fd,FD,I,10.1,10.1,7.8,0.23,3,2,100,12.50,L
1458,6,3,58,T,38,84,60,Fd,FD,I,9.2,11.5,7.6,0.34,4,2,100,12.50,L
1459,6,3,58,T,38,85,61,Fd,FD,S,8.4,9.3,7.9,0.15,2,1,100,12.50,L
1460,6,3,58,T,38,86,1062,Fd,FD,P,4.4,4.4,-,0.40,5,1,2000,250.00,L
1461,6,3,59,T,49,87,88,Fd,FD,-,60.3,29,-,0.00,0,3,25,3.13,D
1462,6,3,59,T,49,88,89,Fd,FD,I,22.7,17.5,10.2,0.42,5,2,25,3.13,L
1463,6,3,59,T,49,89,90,Fd,FD,I,16.3,14,8.9,0.36,4,1,25,3.13,L
1464,6,3,59,T,49,90,91,Fd,FD,I,17.5,15.2,10.6,0.30,4,1,25,3.13,L
1465,6,3,59,T,49,91,92,Fd,FD,I,12.6,14.2,10.7,0.25,3,1,25,3.13,L
1466,6,3,59,T,49,92,93,Fd,FD,I,13.6,15,10.2,0.32,4,1,25,3.13,L
1467,6,3,59,T,49,93,94,Fd,FD,I,26.3,17.6,12.6,0.28,3,1,25,3.13,L
1468,6,3,59,T,49,94,95,Fd,FD,C,31.8,20.1,8.7,0.57,6,1,25,3.13,L
1469,6,3,59,T,49,95,96,Fd,FD,I,17.7,17.3,11.9,0.31,4,1,25,3.13,L
1470,6,3,59,T,49,96,97,Fd,FD,I,20.2,15.4,11.7,0.24,3,1,25,3.13,L
1471,6,3,59,T,49,97,98,Fd,FD,I,16.1,16.3,11.6,0.29,3,2,25,3.13,L
1472,6,3,59,T,49,98,99,Fd,FD,I,14.5,14.8,11.5,0.22,3,1,25,3.13,L
1473,6,3,59,T,49,99,100,Fd,FD,I,12.5,14.7,10.9,0.26,3,2,25,3.13,L
1474,6,3,59,T,49,100,101,Fd,FD,I,17.6,16.5,10.8,0.35,4,1,25,3.13,L
1475,6,3,59,T,49,101,102,Fd,FD,C,23.8,19.1,14.3,0.25,3,2,25,3.13,L
1476,6,3,59,T,49,102,103,Fd,FD,C,26.5,19.4,11.3,0.42,5,1,25,3.13,L
1477,6,3,59,T,49,103,104,Fd,FD,C,30.2,20.6,13,0.37,4,1,25,3.13,L
1478,6,3,59,T,49,104,105,Fd,FD,-,13.2,4,-,0.00,0,3,25,3.13,D
1479,6,3,59,T,49,105,106,Fd,FD,I,7.6,8.9,6.6,0.26,3,1,100,12.50,L
1480,6,3,60,T,50,106,74,Fd,FD,C,36,24.6,17.2,0.30,4,2,25,3.13,L
1481,6,3,60,T,50,107,75,Fd,FD,C,34.6,23.9,19.7,0.18,2,2,25,3.13,L
1482,6,3,60,T,50,108,76,Fd,FD,C,42.4,23.4,17.4,0.26,3,2,25,3.13,L
1483,6,3,60,T,50,109,77,Fd,FD,C,51.4,26,18.5,0.29,3,2,25,3.13,L
1484,6,3,60,T,50,110,78,Fd,FD,-,27.4,1.4,-,0.00,0,4,25,3.13,D
1485,6,3,60,T,50,111,79,Fd,FD,C,35.5,22.3,18,0.19,2,2,25,3.13,L
1486,6,3,60,T,50,112,80,Fd,FD,C,42.5,23.1,17.9,0.23,3,1,25,3.13,L
1487,6,3,60,T,50,113,81,Fd,FD,C,51.7,26.8,17,0.37,4,2,25,3.13,L
1488,6,3,60,T,50,114,82,Fd,FD,C,39.7,22.6,18.4,0.19,2,2,25,3.13,L
1489,6,3,60,T,50,115,83,Fd,FD,C,42.9,26.3,19.3,0.27,3,2,25,3.13,L
1490,6,3,60,T,50,116,84,Fd,FD,C,43,23.2,18.1,0.22,3,2,25,3.13,L
1491,6,3,60,T,50,117,85,Fd,FD,C,37.6,26.1,21.5,0.18,2,2,25,3.13,L
1492,6,3,60,T,50,118,86,Fd,FD,C,46.1,27.4,19.8,0.28,3,2,25,3.13,L
1493,6,3,60,T,50,119,87,Fd,FD,C,51.1,24.6,18.7,0.24,3,1,25,3.13,L
1494,6,3,61,T,33B,120,117,Fd,FD,I,26.3,18.5,10.2,0.45,5,1,25,3.13,L
1495,6,3,61,T,33B,121,118,Fd,FD,I,14,12.8,5.9,0.54,6,2,25,3.13,L
1496,6,3,61,T,33B,122,119,Fd,FD,-,44.6,24.1,-,0.00,0,3,25,3.13,D
1497,6,3,61,T,33B,123,120,Fd,FD,-,56.5,29,-,0.00,0,3,25,3.13,D
1498,6,3,61,T,33B,124,121,Fd,FD,-,60.7,2.4,-,0.00,0,4,25,3.13,D
1499,6,3,61,T,33B,125,122,Fd,FD,-,39.5,3.8,-,0.00,0,4,25,3.13,D
1500,6,3,61,T,33B,126,123,Fd,FD,I,12.7,11.7,5.8,0.50,6,1,25,3.13,L
1501,6,3,61,T,33B,127,124,Fd,FD,C,29.7,23.8,12.5,0.47,5,1,25,3.13,L
1502,6,3,61,T,33B,128,125,Fd,FD,C,28.6,22.6,15.9,0.30,3,1,25,3.13,L
1503,6,3,61,T,33B,129,126,Fd,FD,C,21.6,20.8,15.3,0.26,3,1,25,3.13,L
1504,6,3,61,T,33B,130,127,Fd,FD,I,20.8,17.4,12,0.31,4,1,25,3.13,L
1505,6,3,61,T,33B,131,128,Fd,FD,C,20.8,22.1,16.7,0.24,3,2,25,3.13,L
1506,6,3,61,T,33B,132,129,Fd,FD,C,27.2,23.4,16,0.32,4,2,25,3.13,L
1507,6,3,61,T,33B,133,130,Fd,FD,-,27.1,1.6,-,0.00,0,4,25,3.13,D
1508,6,3,61,T,33B,134,131,Fd,FD,,49.1,24.7,14.7,0.40,5,2,25,3.13,L
1509,6,3,61,T,33B,135,132,Fd,FD,C,37.8,26.9,12.8,0.52,6,1,25,3.13,L
1510,6,3,61,T,33B,136,133,Fd,FD,C,47,27.5,17.8,0.35,4,1,25,3.13,L
1511,6,3,61,T,33B,137,134,Fd,FD,I,13.6,12.2,8.9,0.27,3,1,25,3.13,L
1512,6,3,61,T,33B,138,135,Fd,FD,I,15.1,16.4,12.4,0.24,3,1,25,3.13,L
1513,6,3,61,T,33B,139,136,Fd,FD,I,13.2,12.5,9.4,0.25,3,1,25,3.13,L
1514,6,3,61,T,33B,140,137,Fd,FD,C,32.6,24.2,16.1,0.33,4,1,25,3.13,L
1515,6,3,61,T,33B,141,138,Fd,FD,S,8,6,3.2,0.47,5,1,100,12.50,L
1516,6,3,61,T,33B,142,139,Fd,FD,S,7.8,7.1,4.3,0.39,4,2,100,12.50,L
1517,6,3,61,T,33B,143,140,Fd,FD,I,11.7,11.5,5.4,0.53,6,1,100,12.50,L
1518,6,3,61,T,33B,144,141,Fd,FD,S,7.9,6.6,4.2,0.36,4,2,100,12.50,L
1519,6,3,61,T,33B,145,142,Fd,FD,S,8.3,8.7,5.8,0.33,4,2,100,12.50,L
1520,6,3,61,T,33B,146,1143,Fd,FD,P,4.4,4.4,-,0.40,5,1,600,75.00,L
1521,6,3,61,T,33B,147,1144,Fd,FD,R,0.5,0.7,-,0.99,9,1,400,50.00,L
